"","Day","2009","2010","2011","2012","2013","2014","2015","2016","2017","2018","2019"
"1",1,386.85,388.12,391.29,392.87,394.89,397.51,399.52,402.4,405.36,407.34,409.87
"2",2,386.87,388.14,391.32,392.89,394.91,397.53,399.54,402.42,405.4,407.36,409.9
"3",3,386.89,388.17,391.34,392.9,394.93,397.54,399.56,402.44,405.43,407.39,409.92
"4",4,386.91,388.2,391.36,392.92,394.95,397.55,399.58,402.45,405.46,407.41,409.94
"5",5,386.93,388.22,391.38,392.94,394.98,397.57,399.61,402.47,405.49,407.44,409.96
"6",6,386.96,388.25,391.4,392.95,395,397.58,399.63,402.48,405.53,407.46,409.98
"7",7,386.98,388.27,391.42,392.97,395.03,397.59,399.65,402.5,405.56,407.49,410.01
"8",8,386.99,388.3,391.43,392.98,395.05,397.6,399.67,402.51,405.59,407.51,410.03
"9",9,387.01,388.32,391.45,392.99,395.08,397.61,399.69,402.52,405.62,407.53,410.05
"10",10,387.03,388.34,391.46,393.01,395.1,397.62,399.71,402.53,405.65,407.55,410.07
"11",11,387.05,388.36,391.48,393.02,395.13,397.63,399.74,402.54,405.68,407.58,410.09
"12",12,387.07,388.39,391.49,393.03,395.16,397.64,399.76,402.56,405.71,407.6,410.11
"13",13,387.08,388.41,391.5,393.04,395.19,397.65,399.78,402.57,405.74,407.62,410.13
"14",14,387.1,388.43,391.51,393.05,395.22,397.66,399.8,402.58,405.77,407.64,410.15
"15",15,387.11,388.45,391.52,393.07,395.24,397.67,399.82,402.59,405.8,407.66,410.17
"16",16,387.13,388.47,391.53,393.08,395.27,397.68,399.85,402.59,405.83,407.68,410.19
"17",17,387.14,388.49,391.54,393.09,395.3,397.69,399.87,402.6,405.85,407.7,410.21
"18",18,387.15,388.51,391.55,393.1,395.33,397.7,399.89,402.61,405.88,407.72,410.23
"19",19,387.17,388.53,391.56,393.11,395.36,397.71,399.91,402.62,405.91,407.74,410.25
"20",20,387.18,388.55,391.56,393.11,395.39,397.73,399.93,402.63,405.93,407.76,410.26
"21",21,387.19,388.57,391.57,393.12,395.42,397.74,399.96,402.64,405.96,407.77,410.28
"22",22,387.2,388.58,391.57,393.13,395.45,397.75,399.98,402.64,405.98,407.79,410.3
"23",23,387.21,388.6,391.57,393.14,395.49,397.76,400,402.65,406.01,407.81,410.32
"24",24,387.23,388.62,391.57,393.15,395.52,397.77,400.02,402.66,406.03,407.82,410.34
"25",25,387.24,388.64,391.58,393.15,395.55,397.78,400.04,402.66,406.06,407.84,410.36
"26",26,387.25,388.65,391.58,393.16,395.58,397.79,400.06,402.67,406.08,407.85,410.37
"27",27,387.26,388.67,391.58,393.17,395.61,397.81,400.08,402.68,406.1,407.87,410.39
"28",28,387.27,388.68,391.58,393.17,395.64,397.82,400.1,402.69,406.12,407.88,410.41
"29",29,387.28,388.7,391.58,393.18,395.67,397.83,400.12,402.69,406.14,407.89,410.42
"30",30,387.29,388.71,391.58,393.18,395.69,397.84,400.14,402.7,406.17,407.91,410.44
"31",31,387.3,388.73,391.57,393.19,395.72,397.86,400.16,402.71,406.19,407.92,410.46
"32",32,387.31,388.74,391.57,393.19,395.75,397.87,400.18,402.72,406.21,407.93,410.47
"33",33,387.31,388.76,391.57,393.2,395.78,397.89,400.2,402.72,406.22,407.94,410.49
"34",34,387.32,388.77,391.57,393.2,395.81,397.9,400.22,402.73,406.24,407.96,410.51
"35",35,387.33,388.79,391.56,393.2,395.83,397.92,400.24,402.74,406.26,407.97,410.52
"36",36,387.34,388.8,391.56,393.21,395.86,397.93,400.26,402.75,406.28,407.98,410.54
"37",37,387.35,388.81,391.55,393.21,395.88,397.95,400.27,402.76,406.29,407.99,410.55
"38",38,387.36,388.83,391.55,393.21,395.91,397.96,400.29,402.77,406.31,408,410.57
"39",39,387.37,388.84,391.55,393.22,395.93,397.98,400.31,402.78,406.33,408.01,410.58
"40",40,387.38,388.85,391.54,393.22,395.95,398,400.32,402.79,406.34,408.02,410.59
"41",41,387.39,388.87,391.54,393.22,395.97,398.01,400.34,402.8,406.36,408.03,410.61
"42",42,387.4,388.88,391.53,393.23,395.99,398.03,400.35,402.81,406.37,408.04,410.62
"43",43,387.41,388.89,391.53,393.23,396.01,398.05,400.37,402.82,406.38,408.05,410.63
"44",44,387.42,388.9,391.53,393.23,396.03,398.06,400.38,402.83,406.4,408.07,410.65
"45",45,387.43,388.92,391.52,393.23,396.05,398.08,400.39,402.85,406.41,408.08,410.66
"46",46,387.44,388.93,391.52,393.24,396.06,398.1,400.4,402.86,406.42,408.09,410.67
"47",47,387.45,388.94,391.51,393.24,396.08,398.12,400.42,402.88,406.43,408.1,410.68
"48",48,387.46,388.95,391.51,393.24,396.09,398.14,400.43,402.89,406.44,408.11,410.7
"49",49,387.47,388.97,391.51,393.24,396.11,398.15,400.44,402.91,406.45,408.12,410.71
"50",50,387.48,388.98,391.51,393.25,396.12,398.17,400.45,402.92,406.46,408.13,410.72
"51",51,387.49,388.99,391.5,393.25,396.13,398.19,400.46,402.94,406.47,408.15,410.73
"52",52,387.5,389.01,391.5,393.25,396.14,398.21,400.47,402.96,406.48,408.16,410.74
"53",53,387.51,389.02,391.5,393.26,396.15,398.23,400.48,402.98,406.48,408.17,410.75
"54",54,387.52,389.03,391.5,393.26,396.16,398.24,400.49,402.99,406.49,408.18,410.76
"55",55,387.54,389.05,391.5,393.27,396.16,398.26,400.5,403.01,406.5,408.2,410.77
"56",56,387.55,389.06,391.5,393.27,396.17,398.28,400.51,403.03,406.5,408.21,410.78
"57",57,387.56,389.08,391.5,393.28,396.18,398.3,400.51,403.06,406.51,408.22,410.79
"58",58,387.57,389.09,391.5,393.28,396.18,398.32,400.52,403.08,406.52,408.24,410.8
"59",59,387.58,389.11,391.51,393.29,396.19,398.33,400.53,403.1,406.52,408.25,410.81
"60",60,387.6,389.12,391.51,393.3,396.19,398.35,400.54,403.12,406.53,408.27,410.82
"61",61,387.61,389.14,391.51,393.3,396.19,398.37,400.55,403.15,406.53,408.28,410.83
"62",62,387.62,389.15,391.52,393.31,396.2,398.39,400.55,403.17,406.53,408.3,410.84
"63",63,387.63,389.17,391.52,393.32,396.2,398.4,400.56,403.2,406.54,408.32,410.85
"64",64,387.65,389.18,391.53,393.33,396.2,398.42,400.57,403.22,406.54,408.33,410.86
"65",65,387.66,389.2,391.53,393.34,396.2,398.44,400.57,403.25,406.55,408.35,410.87
"66",66,387.67,389.22,391.54,393.35,396.2,398.45,400.58,403.27,406.55,408.37,410.88
"67",67,387.69,389.24,391.55,393.36,396.21,398.47,400.59,403.3,406.55,408.38,410.89
"68",68,387.7,389.25,391.56,393.37,396.21,398.48,400.6,403.33,406.55,408.4,410.9
"69",69,387.71,389.27,391.57,393.39,396.21,398.5,400.6,403.36,406.56,408.42,410.91
"70",70,387.73,389.29,391.58,393.4,396.21,398.51,400.61,403.39,406.56,408.44,410.92
"71",71,387.74,389.31,391.59,393.41,396.21,398.53,400.62,403.41,406.56,408.46,410.93
"72",72,387.75,389.33,391.6,393.43,396.21,398.54,400.63,403.44,406.57,408.48,410.94
"73",73,387.77,389.35,391.61,393.44,396.21,398.55,400.64,403.47,406.57,408.5,410.95
"74",74,387.78,389.37,391.62,393.46,396.22,398.57,400.64,403.5,406.57,408.52,410.96
"75",75,387.79,389.39,391.63,393.47,396.22,398.58,400.65,403.53,406.57,408.54,410.97
"76",76,387.81,389.41,391.64,393.49,396.22,398.59,400.66,403.57,406.58,408.56,410.98
"77",77,387.82,389.43,391.66,393.51,396.23,398.6,400.67,403.6,406.58,408.58,410.99
"78",78,387.83,389.45,391.67,393.53,396.23,398.62,400.68,403.63,406.58,408.6,411
"79",79,387.85,389.47,391.68,393.54,396.23,398.63,400.69,403.66,406.59,408.62,411.01
"80",80,387.86,389.5,391.7,393.56,396.24,398.64,400.7,403.69,406.59,408.64,411.02
"81",81,387.87,389.52,391.71,393.58,396.25,398.65,400.72,403.72,406.59,408.66,411.03
"82",82,387.88,389.54,391.73,393.6,396.25,398.66,400.73,403.75,406.6,408.68,411.04
"83",83,387.9,389.56,391.74,393.62,396.26,398.67,400.74,403.78,406.6,408.7,411.06
"84",84,387.91,389.58,391.76,393.65,396.27,398.68,400.75,403.82,406.61,408.72,411.07
"85",85,387.92,389.61,391.78,393.67,396.28,398.69,400.77,403.85,406.61,408.74,411.08
"86",86,387.94,389.63,391.79,393.69,396.29,398.7,400.78,403.88,406.62,408.76,411.1
"87",87,387.95,389.65,391.81,393.71,396.3,398.71,400.8,403.91,406.62,408.77,411.11
"88",88,387.96,389.68,391.82,393.73,396.32,398.72,400.81,403.94,406.63,408.79,411.12
"89",89,387.97,389.7,391.84,393.76,396.33,398.73,400.83,403.97,406.63,408.81,411.14
"90",90,387.98,389.72,391.86,393.78,396.34,398.74,400.84,404,406.64,408.83,411.15
"91",91,388,389.74,391.87,393.8,396.36,398.75,400.86,404.03,406.65,408.85,411.17
"92",92,388.01,389.77,391.89,393.82,396.38,398.76,400.87,404.06,406.66,408.87,411.18
"93",93,388.02,389.79,391.91,393.85,396.4,398.77,400.89,404.09,406.66,408.89,411.2
"94",94,388.03,389.81,391.92,393.87,396.41,398.78,400.91,404.12,406.67,408.91,411.22
"95",95,388.04,389.83,391.94,393.9,396.43,398.79,400.93,404.15,406.68,408.93,411.23
"96",96,388.05,389.86,391.95,393.92,396.46,398.79,400.95,404.18,406.69,408.94,411.25
"97",97,388.07,389.88,391.97,393.94,396.48,398.8,400.96,404.21,406.7,408.96,411.27
"98",98,388.08,389.9,391.98,393.96,396.5,398.81,400.98,404.24,406.71,408.98,411.28
"99",99,388.09,389.92,392,393.99,396.52,398.82,401,404.27,406.72,409,411.3
"100",100,388.1,389.94,392.01,394.01,396.55,398.83,401.02,404.3,406.73,409.01,411.32
"101",101,388.11,389.96,392.03,394.03,396.57,398.84,401.04,404.32,406.75,409.03,411.34
"102",102,388.12,389.98,392.04,394.06,396.6,398.85,401.06,404.35,406.76,409.05,411.36
"103",103,388.13,390,392.06,394.08,396.63,398.86,401.08,404.37,406.77,409.06,411.38
"104",104,388.14,390.02,392.07,394.1,396.65,398.87,401.1,404.4,406.78,409.08,411.39
"105",105,388.15,390.04,392.09,394.12,396.68,398.88,401.12,404.43,406.79,409.09,411.41
"106",106,388.16,390.06,392.1,394.14,396.71,398.89,401.14,404.45,406.81,409.11,411.43
"107",107,388.17,390.08,392.11,394.16,396.74,398.9,401.16,404.47,406.82,409.12,411.45
"108",108,388.18,390.09,392.12,394.18,396.77,398.91,401.18,404.5,406.83,409.14,411.47
"109",109,388.19,390.11,392.13,394.2,396.8,398.92,401.2,404.52,406.85,409.15,411.49
"110",110,388.2,390.12,392.15,394.22,396.83,398.93,401.22,404.54,406.86,409.16,411.51
"111",111,388.2,390.14,392.16,394.24,396.85,398.94,401.24,404.56,406.88,409.18,411.53
"112",112,388.21,390.15,392.17,394.25,396.88,398.95,401.25,404.58,406.89,409.19,411.55
"113",113,388.22,390.17,392.18,394.27,396.91,398.96,401.27,404.6,406.9,409.2,411.57
"114",114,388.23,390.18,392.19,394.29,396.94,398.97,401.29,404.62,406.92,409.22,411.59
"115",115,388.24,390.19,392.19,394.3,396.97,398.98,401.31,404.64,406.93,409.23,411.6
"116",116,388.24,390.2,392.2,394.32,397,398.99,401.32,404.66,406.94,409.24,411.62
"117",117,388.25,390.21,392.21,394.33,397.03,399,401.34,404.67,406.96,409.25,411.64
"118",118,388.26,390.22,392.22,394.34,397.05,399.01,401.35,404.69,406.97,409.26,411.66
"119",119,388.26,390.23,392.22,394.35,397.08,399.02,401.37,404.7,406.98,409.27,411.67
"120",120,388.27,390.24,392.23,394.36,397.1,399.03,401.38,404.72,406.99,409.28,411.69
"121",121,388.28,390.25,392.23,394.37,397.13,399.05,401.39,404.73,407.01,409.29,411.71
"122",122,388.28,390.25,392.24,394.38,397.15,399.05,401.4,404.74,407.02,409.3,411.72
"123",123,388.29,390.26,392.24,394.39,397.17,399.06,401.41,404.75,407.03,409.31,411.73
"124",124,388.29,390.26,392.25,394.4,397.19,399.07,401.42,404.76,407.04,409.32,411.75
"125",125,388.29,390.27,392.25,394.4,397.21,399.08,401.43,404.77,407.05,409.33,411.76
"126",126,388.3,390.27,392.25,394.4,397.23,399.09,401.43,404.78,407.05,409.33,411.77
"127",127,388.3,390.27,392.25,394.41,397.25,399.1,401.44,404.79,407.06,409.34,411.78
"128",128,388.3,390.27,392.25,394.41,397.26,399.11,401.44,404.79,407.07,409.35,411.79
"129",129,388.3,390.27,392.25,394.41,397.28,399.12,401.44,404.8,407.07,409.35,411.8
"130",130,388.3,390.27,392.25,394.41,397.29,399.12,401.44,404.8,407.08,409.35,411.81
"131",131,388.3,390.27,392.25,394.41,397.3,399.13,401.44,404.8,407.08,409.36,411.81
"132",132,388.3,390.26,392.24,394.4,397.31,399.13,401.44,404.8,407.08,409.36,411.82
"133",133,388.3,390.26,392.24,394.4,397.31,399.14,401.43,404.8,407.08,409.36,411.82
"134",134,388.29,390.25,392.23,394.39,397.31,399.14,401.42,404.8,407.08,409.36,411.82
"135",135,388.29,390.24,392.23,394.38,397.32,399.14,401.42,404.79,407.08,409.36,411.82
"136",136,388.28,390.24,392.22,394.37,397.32,399.15,401.41,404.79,407.08,409.36,411.82
"137",137,388.28,390.23,392.21,394.36,397.31,399.15,401.39,404.78,407.07,409.36,411.82
"138",138,388.27,390.22,392.2,394.35,397.31,399.15,401.38,404.77,407.07,409.35,411.81
"139",139,388.26,390.2,392.19,394.34,397.3,399.15,401.36,404.76,407.06,409.35,411.8
"140",140,388.25,390.19,392.18,394.32,397.29,399.15,401.35,404.75,407.05,409.34,411.8
"141",141,388.24,390.18,392.17,394.3,397.28,399.14,401.33,404.73,407.04,409.34,411.79
"142",142,388.23,390.16,392.16,394.28,397.27,399.14,401.3,404.72,407.02,409.33,411.77
"143",143,388.21,390.14,392.14,394.26,397.25,399.13,401.28,404.7,407.01,409.32,411.76
"144",144,388.2,390.12,392.13,394.24,397.23,399.12,401.25,404.68,406.99,409.31,411.74
"145",145,388.18,390.1,392.11,394.22,397.21,399.12,401.23,404.66,406.98,409.29,411.72
"146",146,388.17,390.08,392.09,394.19,397.19,399.11,401.2,404.63,406.95,409.28,411.7
"147",147,388.15,390.06,392.07,394.16,397.16,399.09,401.16,404.61,406.93,409.26,411.68
"148",148,388.13,390.04,392.05,394.13,397.13,399.08,401.13,404.58,406.91,409.24,411.66
"149",149,388.11,390.01,392.02,394.1,397.1,399.07,401.09,404.55,406.88,409.22,411.63
"150",150,388.08,389.98,392,394.07,397.07,399.05,401.05,404.52,406.85,409.2,411.6
"151",151,388.06,389.96,391.97,394.03,397.04,399.03,401.01,404.49,406.82,409.18,411.57
"152",152,388.03,389.93,391.94,394,397,399.01,400.97,404.45,406.79,409.15,411.53
"153",153,388,389.89,391.91,393.96,396.96,398.99,400.93,404.42,406.76,409.13,411.5
"154",154,387.97,389.86,391.88,393.92,396.92,398.97,400.88,404.38,406.72,409.1,411.46
"155",155,387.94,389.83,391.85,393.88,396.87,398.94,400.83,404.34,406.69,409.07,411.42
"156",156,387.91,389.79,391.81,393.83,396.83,398.92,400.78,404.29,406.65,409.03,411.38
"157",157,387.87,389.75,391.77,393.78,396.78,398.89,400.73,404.25,406.6,409,411.33
"158",158,387.83,389.71,391.74,393.74,396.73,398.86,400.67,404.2,406.56,408.96,411.28
"159",159,387.79,389.67,391.69,393.68,396.68,398.83,400.62,404.15,406.51,408.92,411.23
"160",160,387.75,389.63,391.65,393.63,396.62,398.79,400.56,404.1,406.47,408.88,411.18
"161",161,387.71,389.58,391.61,393.58,396.57,398.76,400.5,404.05,406.42,408.84,411.13
"162",162,387.67,389.54,391.56,393.52,396.51,398.72,400.44,403.99,406.37,408.79,411.07
"163",163,387.62,389.49,391.51,393.46,396.45,398.68,400.38,403.94,406.31,408.75,411.01
"164",164,387.57,389.44,391.46,393.4,396.39,398.64,400.31,403.88,406.26,408.7,410.95
"165",165,387.52,389.39,391.41,393.34,396.33,398.6,400.25,403.82,406.2,408.65,410.89
"166",166,387.47,389.34,391.36,393.28,396.27,398.55,400.18,403.76,406.14,408.59,410.83
"167",167,387.42,389.28,391.3,393.21,396.2,398.5,400.11,403.69,406.08,408.54,410.76
"168",168,387.36,389.23,391.24,393.14,396.14,398.45,400.04,403.63,406.02,408.48,410.69
"169",169,387.3,389.17,391.18,393.07,396.07,398.4,399.97,403.56,405.96,408.42,410.62
"170",170,387.24,389.11,391.12,393,396.01,398.35,399.9,403.49,405.89,408.36,410.55
"171",171,387.18,389.05,391.06,392.93,395.94,398.3,399.82,403.42,405.83,408.3,410.48
"172",172,387.12,388.99,390.99,392.86,395.87,398.24,399.75,403.35,405.76,408.24,410.41
"173",173,387.06,388.93,390.92,392.78,395.8,398.18,399.67,403.28,405.69,408.17,410.33
"174",174,386.99,388.86,390.85,392.7,395.73,398.12,399.6,403.2,405.62,408.1,410.25
"175",175,386.92,388.8,390.78,392.63,395.65,398.06,399.52,403.13,405.55,408.03,410.18
"176",176,386.86,388.73,390.71,392.55,395.58,398,399.44,403.05,405.48,407.96,410.1
"177",177,386.78,388.66,390.64,392.46,395.51,397.94,399.37,402.98,405.4,407.89,410.02
"178",178,386.71,388.59,390.56,392.38,395.44,397.87,399.29,402.9,405.33,407.82,409.94
"179",179,386.64,388.52,390.48,392.3,395.36,397.8,399.21,402.82,405.26,407.74,409.85
"180",180,386.56,388.45,390.41,392.21,395.29,397.74,399.13,402.74,405.18,407.66,409.77
"181",181,386.49,388.38,390.33,392.13,395.22,397.67,399.05,402.66,405.1,407.59,409.69
"182",182,386.41,388.3,390.24,392.04,395.14,397.59,398.97,402.58,405.03,407.51,409.6
"183",183,386.33,388.23,390.16,391.96,395.07,397.52,398.89,402.49,404.95,407.43,409.52
"184",184,386.25,388.16,390.08,391.87,394.99,397.45,398.81,402.41,404.87,407.35,409.43
"185",185,386.17,388.08,390,391.78,394.92,397.37,398.73,402.33,404.79,407.27,409.35
"186",186,386.09,388.01,389.91,391.69,394.85,397.3,398.65,402.25,404.71,407.19,409.27
"187",187,386.01,387.93,389.83,391.6,394.78,397.22,398.57,402.16,404.64,407.1,409.18
"188",188,385.92,387.85,389.74,391.52,394.7,397.15,398.5,402.08,404.56,407.02,409.1
"189",189,385.84,387.78,389.65,391.43,394.63,397.07,398.42,402,404.48,406.94,409.01
"190",190,385.76,387.7,389.57,391.34,394.56,396.99,398.34,401.91,404.4,406.86,408.93
"191",191,385.67,387.63,389.48,391.25,394.49,396.91,398.26,401.83,404.32,406.77,408.85
"192",192,385.59,387.55,389.39,391.16,394.42,396.83,398.19,401.75,404.24,406.69,408.76
"193",193,385.5,387.47,389.31,391.07,394.35,396.75,398.11,401.66,404.16,406.6,408.68
"194",194,385.42,387.4,389.22,390.98,394.28,396.67,398.04,401.58,404.09,406.52,408.6
"195",195,385.33,387.32,389.13,390.9,394.21,396.59,397.96,401.5,404.01,406.44,408.52
"196",196,385.24,387.25,389.05,390.81,394.14,396.51,397.89,401.42,403.93,406.35,408.44
"197",197,385.16,387.18,388.96,390.73,394.08,396.43,397.82,401.34,403.86,406.27,408.37
"198",198,385.07,387.1,388.88,390.64,394.01,396.34,397.75,401.26,403.78,406.19,408.29
"199",199,384.99,387.03,388.79,390.56,393.94,396.26,397.68,401.18,403.7,406.11,408.22
"200",200,384.9,386.96,388.71,390.48,393.88,396.18,397.61,401.1,403.63,406.03,408.14
"201",201,384.82,386.89,388.63,390.39,393.82,396.1,397.55,401.02,403.56,405.95,408.07
"202",202,384.74,386.82,388.55,390.32,393.76,396.02,397.48,400.95,403.48,405.87,408
"203",203,384.65,386.76,388.47,390.24,393.69,395.94,397.42,400.87,403.41,405.79,407.94
"204",204,384.57,386.69,388.39,390.16,393.63,395.86,397.35,400.8,403.34,405.71,407.87
"205",205,384.49,386.63,388.31,390.09,393.58,395.78,397.29,400.73,403.27,405.64,407.81
"206",206,384.41,386.57,388.24,390.01,393.52,395.7,397.23,400.66,403.2,405.56,407.74
"207",207,384.33,386.51,388.17,389.94,393.46,395.63,397.18,400.59,403.14,405.49,407.68
"208",208,384.25,386.45,388.1,389.87,393.41,395.55,397.12,400.52,403.07,405.42,407.63
"209",209,384.18,386.39,388.03,389.81,393.35,395.47,397.07,400.45,403,405.35,407.57
"210",210,384.1,386.34,387.96,389.74,393.3,395.4,397.01,400.39,402.94,405.28,407.52
"211",211,384.03,386.28,387.9,389.68,393.25,395.32,396.96,400.33,402.88,405.21,407.47
"212",212,383.96,386.23,387.83,389.62,393.2,395.25,396.91,400.27,402.82,405.15,407.42
"213",213,383.89,386.18,387.77,389.56,393.15,395.18,396.87,400.21,402.76,405.08,407.37
"214",214,383.82,386.14,387.72,389.51,393.1,395.11,396.82,400.15,402.7,405.02,407.33
"215",215,383.76,386.09,387.66,389.46,393.05,395.04,396.78,400.1,402.64,404.96,407.28
"216",216,383.7,386.05,387.61,389.41,393.01,394.98,396.73,400.04,402.59,404.9,407.24
"217",217,383.63,386.01,387.56,389.36,392.97,394.91,396.69,399.99,402.54,404.85,407.21
"218",218,383.58,385.97,387.51,389.32,392.92,394.85,396.66,399.95,402.48,404.79,407.17
"219",219,383.52,385.94,387.47,389.27,392.88,394.78,396.62,399.9,402.43,404.74,407.14
"220",220,383.46,385.9,387.43,389.24,392.85,394.72,396.58,399.86,402.38,404.69,407.11
"221",221,383.41,385.87,387.39,389.2,392.81,394.67,396.55,399.82,402.34,404.64,407.09
"222",222,383.36,385.84,387.36,389.17,392.77,394.61,396.52,399.78,402.29,404.6,407.06
"223",223,383.31,385.82,387.32,389.14,392.74,394.55,396.49,399.74,402.25,404.55,407.04
"224",224,383.27,385.8,387.3,389.11,392.7,394.5,396.46,399.71,402.21,404.51,407.02
"225",225,383.23,385.77,387.27,389.08,392.67,394.45,396.44,399.68,402.17,404.47,407
"226",226,383.19,385.76,387.25,389.06,392.64,394.4,396.42,399.65,402.13,404.43,406.99
"227",227,383.15,385.74,387.22,389.04,392.61,394.35,396.39,399.62,402.09,404.4,406.98
"228",228,383.12,385.72,387.21,389.03,392.59,394.31,396.37,399.6,402.06,404.37,406.97
"229",229,383.08,385.71,387.19,389.01,392.56,394.27,396.36,399.58,402.03,404.34,406.96
"230",230,383.06,385.7,387.18,389,392.54,394.23,396.34,399.56,402,404.31,406.95
"231",231,383.03,385.69,387.17,388.99,392.52,394.19,396.33,399.55,401.97,404.28,406.95
"232",232,383.01,385.69,387.16,388.99,392.5,394.16,396.31,399.54,401.94,404.26,406.95
"233",233,382.98,385.69,387.16,388.99,392.48,394.12,396.3,399.53,401.92,404.24,406.95
"234",234,382.97,385.68,387.16,388.99,392.46,394.09,396.29,399.52,401.89,404.22,406.96
"235",235,382.95,385.68,387.16,388.99,392.45,394.06,396.29,399.52,401.87,404.21,406.96
"236",236,382.94,385.69,387.16,389,392.43,394.04,396.28,399.52,401.86,404.19,406.97
"237",237,382.93,385.69,387.17,389.01,392.42,394.01,396.28,399.52,401.84,404.18,406.98
"238",238,382.92,385.7,387.17,389.02,392.41,393.99,396.28,399.53,401.83,404.17,407
"239",239,382.91,385.71,387.18,389.03,392.41,393.97,396.28,399.54,401.81,404.17,407.01
"240",240,382.91,385.72,387.2,389.05,392.4,393.96,396.28,399.55,401.8,404.16,407.03
"241",241,382.91,385.73,387.21,389.06,392.4,393.94,396.28,399.56,401.8,404.16,407.04
"242",242,382.91,385.74,387.23,389.08,392.39,393.93,396.29,399.58,401.79,404.16,407.06
"243",243,382.92,385.75,387.25,389.11,392.39,393.92,396.29,399.6,401.79,404.17,407.09
"244",244,382.93,385.77,387.27,389.13,392.4,393.92,396.3,399.62,401.79,404.17,407.11
"245",245,382.94,385.79,387.29,389.16,392.4,393.91,396.31,399.64,401.79,404.18,407.14
"246",246,382.95,385.81,387.31,389.19,392.4,393.91,396.32,399.67,401.79,404.19,407.16
"247",247,382.96,385.83,387.34,389.22,392.41,393.91,396.34,399.7,401.8,404.2,407.19
"248",248,382.98,385.85,387.37,389.25,392.42,393.91,396.35,399.73,401.81,404.21,407.22
"249",249,383,385.87,387.4,389.29,392.43,393.92,396.37,399.77,401.82,404.23,407.25
"250",250,383.02,385.9,387.43,389.32,392.44,393.93,396.38,399.8,401.83,404.25,407.29
"251",251,383.04,385.92,387.46,389.36,392.46,393.94,396.4,399.84,401.84,404.27,407.32
"252",252,383.06,385.95,387.49,389.4,392.48,393.95,396.43,399.88,401.86,404.29,407.36
"253",253,383.09,385.97,387.52,389.44,392.49,393.96,396.45,399.93,401.88,404.32,407.39
"254",254,383.12,386,387.56,389.49,392.52,393.98,396.47,399.97,401.9,404.34,407.43
"255",255,383.15,386.03,387.6,389.53,392.54,394,396.5,400.02,401.93,404.37,407.47
"256",256,383.18,386.06,387.63,389.58,392.56,394.02,396.53,400.07,401.95,404.4,407.51
"257",257,383.21,386.09,387.67,389.63,392.59,394.04,396.55,400.12,401.98,404.43,407.55
"258",258,383.24,386.13,387.71,389.68,392.62,394.07,396.58,400.18,402.01,404.47,407.59
"259",259,383.28,386.16,387.75,389.73,392.64,394.1,396.62,400.23,402.04,404.5,407.64
"260",260,383.32,386.19,387.79,389.78,392.68,394.13,396.65,400.29,402.08,404.54,407.68
"261",261,383.36,386.23,387.83,389.83,392.71,394.16,396.68,400.35,402.12,404.58,407.73
"262",262,383.4,386.26,387.88,389.89,392.74,394.19,396.72,400.41,402.16,404.62,407.77
"263",263,383.44,386.3,387.92,389.94,392.78,394.23,396.76,400.47,402.2,404.66,407.82
"264",264,383.48,386.33,387.96,390,392.82,394.26,396.8,400.53,402.24,404.71,407.87
"265",265,383.52,386.37,388.01,390.06,392.86,394.3,396.84,400.6,402.29,404.75,407.91
"266",266,383.56,386.41,388.05,390.11,392.9,394.34,396.88,400.66,402.34,404.8,407.96
"267",267,383.61,386.45,388.1,390.17,392.94,394.39,396.92,400.72,402.39,404.85,408.01
"268",268,383.65,386.49,388.15,390.23,392.98,394.43,396.97,400.79,402.44,404.9,408.06
"269",269,383.7,386.53,388.19,390.29,393.03,394.48,397.01,400.86,402.49,404.95,408.11
"270",270,383.75,386.57,388.24,390.36,393.08,394.52,397.06,400.92,402.55,405,408.16
"271",271,383.79,386.61,388.29,390.42,393.12,394.57,397.11,400.99,402.61,405.06,408.21
"272",272,383.84,386.65,388.34,390.48,393.17,394.62,397.16,401.06,402.67,405.11,408.27
"273",273,383.89,386.7,388.39,390.55,393.22,394.68,397.21,401.13,402.73,405.17,408.32
"274",274,383.94,386.74,388.44,390.61,393.27,394.73,397.26,401.2,402.79,405.23,408.37
"275",275,383.99,386.78,388.49,390.68,393.33,394.79,397.32,401.26,402.85,405.29,408.42
"276",276,384.04,386.83,388.54,390.74,393.38,394.84,397.37,401.33,402.92,405.35,408.48
"277",277,384.09,386.87,388.59,390.81,393.44,394.9,397.43,401.4,402.99,405.41,408.53
"278",278,384.14,386.92,388.64,390.87,393.49,394.96,397.48,401.47,403.05,405.47,408.58
"279",279,384.19,386.97,388.69,390.94,393.55,395.02,397.54,401.54,403.12,405.53,408.64
"280",280,384.24,387.01,388.75,391.01,393.6,395.08,397.6,401.6,403.19,405.59,408.69
"281",281,384.29,387.06,388.8,391.08,393.66,395.15,397.66,401.67,403.26,405.66,408.75
"282",282,384.35,387.11,388.86,391.15,393.72,395.21,397.72,401.74,403.34,405.72,408.8
"283",283,384.4,387.16,388.91,391.22,393.78,395.27,397.79,401.8,403.41,405.79,408.85
"284",284,384.45,387.21,388.97,391.28,393.84,395.34,397.85,401.87,403.48,405.85,408.91
"285",285,384.5,387.26,389.02,391.35,393.9,395.41,397.92,401.93,403.56,405.92,408.96
"286",286,384.55,387.31,389.08,391.42,393.96,395.47,397.98,402,403.63,405.99,409.02
"287",287,384.61,387.36,389.14,391.49,394.02,395.54,398.05,402.06,403.71,406.05,409.07
"288",288,384.66,387.42,389.2,391.56,394.09,395.61,398.12,402.12,403.78,406.12,409.13
"289",289,384.71,387.47,389.26,391.63,394.15,395.68,398.18,402.18,403.86,406.19,409.18
"290",290,384.76,387.52,389.32,391.7,394.21,395.75,398.25,402.24,403.93,406.26,409.24
"291",291,384.82,387.58,389.38,391.77,394.27,395.82,398.32,402.3,404.01,406.33,409.29
"292",292,384.87,387.63,389.44,391.84,394.34,395.9,398.39,402.36,404.08,406.39,409.34
"293",293,384.92,387.69,389.5,391.91,394.4,395.97,398.47,402.42,404.16,406.46,409.4
"294",294,384.98,387.75,389.56,391.98,394.46,396.04,398.54,402.47,404.23,406.53,409.45
"295",295,385.03,387.8,389.62,392.05,394.53,396.11,398.61,402.53,404.31,406.6,409.51
"296",296,385.08,387.86,389.68,392.12,394.59,396.19,398.68,402.58,404.38,406.67,409.56
"297",297,385.13,387.92,389.75,392.19,394.65,396.26,398.76,402.64,404.46,406.74,409.61
"298",298,385.19,387.97,389.81,392.26,394.72,396.33,398.83,402.69,404.53,406.8,409.67
"299",299,385.24,388.03,389.87,392.33,394.78,396.41,398.9,402.74,404.6,406.87,409.72
"300",300,385.29,388.09,389.94,392.4,394.84,396.48,398.98,402.79,404.68,406.94,409.77
"301",301,385.34,388.15,390,392.47,394.9,396.55,399.05,402.84,404.75,407.01,409.82
"302",302,385.4,388.21,390.07,392.54,394.97,396.63,399.13,402.89,404.82,407.08,409.88
"303",303,385.45,388.27,390.13,392.6,395.03,396.7,399.2,402.94,404.89,407.14,409.93
"304",304,385.5,388.33,390.2,392.67,395.09,396.77,399.28,402.98,404.95,407.21,409.98
"305",305,385.55,388.39,390.26,392.73,395.15,396.85,399.35,403.03,405.02,407.28,410.03
"306",306,385.6,388.45,390.33,392.8,395.21,396.92,399.43,403.07,405.09,407.34,410.08
"307",307,385.66,388.51,390.39,392.86,395.27,396.99,399.5,403.12,405.15,407.41,410.14
"308",308,385.71,388.57,390.46,392.93,395.33,397.06,399.57,403.16,405.22,407.47,410.19
"309",309,385.76,388.63,390.52,392.99,395.39,397.13,399.65,403.2,405.28,407.54,410.24
"310",310,385.81,388.69,390.58,393.05,395.45,397.2,399.72,403.25,405.34,407.6,410.29
"311",311,385.86,388.75,390.65,393.11,395.51,397.27,399.8,403.29,405.4,407.66,410.34
"312",312,385.91,388.81,390.71,393.17,395.57,397.34,399.87,403.33,405.46,407.72,410.39
"313",313,385.96,388.87,390.78,393.23,395.63,397.41,399.94,403.37,405.52,407.79,410.44
"314",314,386.01,388.93,390.84,393.29,395.68,397.48,400.01,403.41,405.57,407.85,410.49
"315",315,386.06,388.99,390.9,393.35,395.74,397.55,400.09,403.45,405.63,407.91,410.54
"316",316,386.11,389.05,390.97,393.4,395.79,397.61,400.16,403.49,405.68,407.97,410.59
"317",317,386.16,389.11,391.03,393.46,395.85,397.68,400.23,403.53,405.73,408.03,410.63
"318",318,386.21,389.17,391.09,393.51,395.9,397.74,400.3,403.56,405.78,408.08,410.68
"319",319,386.26,389.23,391.15,393.56,395.96,397.8,400.37,403.6,405.83,408.14,410.73
"320",320,386.31,389.29,391.21,393.61,396.01,397.86,400.44,403.64,405.88,408.2,410.78
"321",321,386.36,389.35,391.27,393.66,396.06,397.92,400.5,403.68,405.93,408.25,410.83
"322",322,386.41,389.41,391.33,393.71,396.11,397.98,400.57,403.71,405.97,408.31,410.87
"323",323,386.46,389.47,391.38,393.76,396.16,398.04,400.64,403.75,406.02,408.36,410.92
"324",324,386.51,389.53,391.44,393.8,396.21,398.1,400.7,403.79,406.06,408.41,410.97
"325",325,386.56,389.58,391.49,393.85,396.26,398.15,400.76,403.83,406.1,408.46,411.01
"326",326,386.6,389.64,391.55,393.89,396.31,398.21,400.83,403.86,406.14,408.51,411.06
"327",327,386.65,389.69,391.6,393.93,396.36,398.26,400.89,403.9,406.18,408.56,411.1
"328",328,386.7,389.75,391.65,393.97,396.41,398.31,400.95,403.94,406.22,408.61,411.15
"329",329,386.74,389.81,391.71,394.01,396.45,398.36,401.01,403.97,406.26,408.66,411.19
"330",330,386.79,389.86,391.76,394.05,396.5,398.41,401.07,404.01,406.29,408.71,411.24
"331",331,386.84,389.91,391.81,394.08,396.54,398.46,401.13,404.05,406.33,408.75,411.28
"332",332,386.88,389.97,391.85,394.12,396.59,398.51,401.18,404.08,406.37,408.8,411.33
"333",333,386.93,390.02,391.9,394.15,396.63,398.55,401.24,404.12,406.4,408.84,411.37
"334",334,386.97,390.07,391.95,394.18,396.67,398.59,401.29,404.16,406.43,408.88,411.41
"335",335,387.01,390.12,391.99,394.21,396.71,398.64,401.35,404.19,406.47,408.93,411.46
"336",336,387.06,390.17,392.03,394.24,396.75,398.68,401.4,404.23,406.5,408.97,411.5
"337",337,387.1,390.22,392.08,394.27,396.79,398.72,401.45,404.27,406.53,409.01,411.54
"338",338,387.14,390.27,392.12,394.3,396.83,398.76,401.5,404.3,406.56,409.05,411.58
"339",339,387.19,390.32,392.16,394.33,396.86,398.8,401.55,404.34,406.59,409.09,411.63
"340",340,387.23,390.37,392.19,394.35,396.9,398.83,401.59,404.38,406.62,409.12,411.67
"341",341,387.27,390.41,392.23,394.38,396.93,398.87,401.64,404.42,406.65,409.16,411.71
"342",342,387.31,390.46,392.27,394.4,396.97,398.9,401.68,404.45,406.68,409.2,411.75
"343",343,387.35,390.5,392.3,394.42,397,398.94,401.73,404.49,406.71,409.23,411.79
"344",344,387.39,390.55,392.34,394.45,397.03,398.97,401.77,404.53,406.74,409.27,411.83
"345",345,387.43,390.59,392.37,394.47,397.06,399,401.81,404.57,406.77,409.3,411.87
"346",346,387.46,390.63,392.4,394.49,397.09,399.03,401.85,404.6,406.8,409.33,411.91
"347",347,387.5,390.67,392.43,394.51,397.12,399.06,401.89,404.64,406.83,409.37,411.94
"348",348,387.54,390.72,392.46,394.53,397.15,399.09,401.92,404.68,406.85,409.4,411.98
"349",349,387.58,390.76,392.49,394.55,397.18,399.12,401.96,404.71,406.88,409.43,412.02
"350",350,387.61,390.79,392.52,394.57,397.2,399.14,401.99,404.75,406.91,409.46,412.06
"351",351,387.65,390.83,392.55,394.58,397.23,399.17,402.03,404.79,406.94,409.49,412.09
"352",352,387.68,390.87,392.58,394.6,397.25,399.2,402.06,404.83,406.96,409.52,412.13
"353",353,387.72,390.91,392.6,394.62,397.28,399.22,402.09,404.86,406.99,409.55,412.17
"354",354,387.75,390.94,392.63,394.64,397.3,399.25,402.12,404.9,407.02,409.58,NA
"355",355,387.79,390.98,392.65,394.66,397.32,399.27,402.15,404.94,407.05,409.6,NA
"356",356,387.82,391.01,392.67,394.67,397.34,399.3,402.18,404.97,407.07,409.63,NA
"357",357,387.85,391.04,392.7,394.69,397.36,399.32,402.2,405.01,407.1,409.66,NA
"358",358,387.88,391.07,392.72,394.71,397.38,399.34,402.23,405.05,407.13,409.68,NA
"359",359,387.91,391.11,392.74,394.73,397.4,399.37,402.26,405.08,407.15,409.71,NA
"360",360,387.94,391.14,392.76,394.75,397.42,399.39,402.28,405.12,407.18,409.73,NA
"361",361,387.97,391.16,392.78,394.77,397.44,399.41,402.3,405.15,407.21,409.76,NA
"362",362,388,391.19,392.8,394.78,397.45,399.43,402.32,405.19,407.23,409.78,NA
"363",363,388.03,391.22,392.82,394.8,397.47,399.45,402.34,405.22,407.26,409.8,NA
"364",364,388.06,391.25,392.84,394.82,397.49,399.48,402.37,405.26,407.29,409.83,NA
"365",365,388.09,391.27,392.85,394.84,397.5,399.5,402.38,405.29,407.31,409.85,NA
"1461",366,NA,NA,NA,394.87,NA,NA,NA,405.33,NA,NA,NA
