"","Day","2006","2007","2008","2009","2010","2011","2012","2013","2014","2015","2016","2017","2018","2019"
"1","001",432629.77,340348.66,365478.29,481011.03,550003.94,653408.27,420698.4,393058.32,517960.4,653947.54,356415.06,199975.55,339615.81,288102.04
"2","002",432629.77,339746.65,388567.68,481861.33,560228.45,643699.32,410567.25,400293.89,578331.36,668910.19,384514.62,196695.13,339437.23,315479.41
"3","003",432629.77,367071.57,381374.54,492349.84,585853.75,643874.49,396843.81,376825.82,535732.6,622139.17,388261.1,234738.8,330445.59,332703.49
"4","004",458823.88,367071.57,357043.29,504374.71,577485.01,671587.26,364445.29,332752.15,530172.12,629026.87,387680.89,268211.2,337487.97,394147.57
"5","005",474574.82,367071.57,352344.47,526458.35,631983.08,679743.3,340415.41,346932.62,515867.28,540677.72,428712.96,269367.95,352115.3,376421.78
"6","006",474574.82,385118.59,352727.11,539434.12,652797.73,689780.7,357080.78,408118.48,528901.47,644452.93,424770.49,296577.07,356491.67,379917.97
"7","007",474574.82,359622.95,354493.48,583882.81,694999.24,681969.26,376501.03,400470.35,518873.51,604479.58,425297.57,290251.97,359415.23,379057.29
"8","008",474574.82,374721.74,354493.48,588413.74,695474.81,683828.46,383586.96,400470.35,546400.2,596295.3,400293.43,306884.11,343579.74,366471.08
"9","009",474574.82,375807.3,348168.36,590881.53,647091.35,680742.23,415666.94,363555.94,549857.08,610653.92,412279.06,307440.8,334495.63,397616.91
"10","010",448185.27,363027.29,328029.83,591015.6,NA,686604.17,430225.82,355992.81,605823.95,574969.82,412279.06,299434.5,349825.55,423489.77
"11","011",448185.27,355323.83,341314.6,553068.15,625792.87,695963.53,451587.77,403240.27,606543.1,557131.72,412279.06,285712.83,371630.45,364744.61
"12","012",448185.27,328738.71,355648.15,536826.19,631675.65,696127.46,455218.88,399972.59,604835.56,672995.6,455486.57,289405.54,377808.07,367995.59
"13","013",448185.27,328738.71,370546.71,542328.61,644892.45,727420.64,439039.62,393306.79,595310.07,745899,472908.8,289405.54,389279.76,366661.1
"14","014",362768.82,342268.86,429918.86,571600.29,636129.94,753105.01,446147.93,435690.31,602916.75,745899,543040.75,334131.18,393026.06,373198.41
"15","015",331107.77,342268.86,446652.08,615813.53,633071.87,780296.3,472132.68,442309.43,622843.39,745899,561522.19,334131.18,329630.9,403489.13
"16","016",331107.77,342268.86,435987.47,629438.8,631615.43,786791.38,448414.82,488251.63,629976.35,745899,559574.91,314960.51,319306.14,373949.65
"17","017",331107.77,413832.92,NA,613719.47,623882.85,756164.13,382366.92,495004.92,629976.35,752738.02,565700.73,304628.25,312501.95,447824.69
"18","018",340934.92,429710.83,374303,609457.71,584696.99,720031.95,364244.08,506844.84,623919.33,766827.06,558373.73,251961.26,294709.01,478477.92
"19","019",340934.92,429710.83,374303,614878.48,573892.29,675241.01,360991.61,506844.84,617870,763822.68,558373.73,311938.73,286684.27,463997.13
"20","020",340934.92,429710.83,377050.64,605026.06,570125.84,646913.88,347429.38,507581.51,631016.94,774421.39,566111.56,350555.5,300135.08,479277.92
"21","021",353927.55,470782.33,407011.2,605026.06,547160.61,642261.87,372530.56,536565.44,642215.75,794291.53,591293.47,331028.85,311019.87,486608.9
"22","022",366647.59,509036.05,428587.89,600159.7,561957.95,634837.02,441998.23,529193.87,651977.37,783085.55,591207.03,329602.31,322464.56,536069.82
"23","023",371538.48,517968.71,425192.96,597052.82,576545.92,608634.04,484772.99,518893.32,651826.12,753265.92,591207.03,374648.5,316984.86,556244.93
"24","024",310538.84,538443.19,439267.61,593619.35,582086.46,NA,485776.27,518893.32,635137.24,724113.49,591207.03,403317.22,328081.13,520334.32
"25","025",310538.84,562132.95,447379.24,604822.24,573563.84,611798.05,493958.17,533865.22,625742.3,682479.03,572892.92,390190.03,380215.11,556024.68
"26","026",310538.84,595864.27,436302.97,605199.92,551868,649235.21,485365.7,561358.28,622887.48,714424.93,572892.92,366711.23,428805.07,577140.6
"27","027",310538.84,604439.63,433576.88,658503.27,550243.53,683379.91,501493.44,554962.17,611922.12,732002.95,516515.18,347532.01,437615.21,578576.05
"28","028",321048.81,574944.07,424178.75,658842.21,545670.38,688854.46,486589.36,575552.71,611922.12,717084.16,555055.68,344601.85,448388,594754.3
"29","029",321048.81,587497.79,424178.75,627683.12,568835.96,691785.02,486304.39,580538.92,607324.61,720234.49,576526.8,373632.72,467137.24,575954.51
"30","030",337149.48,525394.99,424178.75,556185.66,568201.92,724410.92,464244.33,588447.63,611513.07,758873,556093.81,404258.53,471972.74,547312.98
"31","031",390331.85,528806.71,425248.74,574065.42,NA,727569.97,440105.18,613875.45,637056.94,795252.53,553298.4,421776.4,481947.44,530326.12
"32","032",390331.85,498569.26,403922.83,559360.37,600327.18,734544.86,372370.59,582334.21,615920.6,799608.21,553298.4,437652.48,528238.8,525133.96
"33","033",410076.36,537967.9,388804.15,545485.04,601138.66,750664.74,345545.42,580775.81,615920.6,803105.62,552386.1,460245.03,563741.68,513803.59
"34","034",410076.36,540060.35,388804.15,529422.37,587648.63,781587.13,340555.88,551884.31,666411.11,812260.63,554340.94,492366.54,591686,556196.6
"35","035",503044.99,540060.35,388804.15,540545.41,587648.63,798183,342859.73,566906.66,676445.29,812260.63,546385.16,468229.85,581213.32,587206.45
"36","036",503044.99,540060.35,437346.74,620098.97,570357.4,797828.09,330839.51,560184.15,601614.43,826762.39,546385.16,445989.61,561496.22,492021.19
"37","037",503044.99,540060.35,454894.24,670720.53,578498.2,797551.69,342017.18,544594.46,622798.73,826762.39,546385.16,457984.45,549488.17,545289.89
"38","038",503044.99,657545.1,455636.03,699342.97,552919.4,808336.27,362670.39,531267.17,620892.44,820159.82,577985.29,457984.45,484684.79,547375.19
"39","039",507771.48,657473.49,442926.12,714682.82,584743.31,816035.39,432909.35,552138.76,567910.85,780058.64,555638.36,454342.47,466204.42,555742.64
"40","040",507771.48,657473.49,432070.82,704468.85,661690.4,NA,441892.58,576417.29,558880.65,815110.66,552266.45,438903.83,448561.5,592759.82
"41","041",507771.48,629160.69,424536.41,731205.27,684989.13,777684.1,359289.4,592211.46,563344.42,735563.87,552266.45,440796.35,428012.37,611258.99
"42","042",507771.48,629160.69,388804.15,715190.24,673409.88,790119.37,369125.67,550178.07,568816.59,763613.42,506999.39,447283.88,419521.83,613143.52
"43","043",507771.48,600551.75,414613.58,644010.06,672816.5,783886.99,424989.79,557667.29,481409.62,769724.79,489226.43,419865.15,416977.94,594744.65
"44","044",507771.48,599685.28,414613.58,630022.54,692048.89,808049.39,440936.86,547806.77,482083.64,769724.79,498832.4,363927.21,465024.02,613624.24
"45","045",530800.89,631461.9,414613.58,657697.92,685437.47,812217.8,476646.99,576430.87,481046.48,760762.36,498832.4,366757.1,475308.6,596172.35
"46","046",530174.69,647883.29,434679.78,703749.25,673754.35,832137.31,479021.08,566482.75,474937.29,757411.12,535631.82,393423.95,475308.6,621939.16
"47","047",519368.67,643872.1,451130.17,727064.16,700107.49,846966.94,485552.11,566482.75,477889.48,757411.12,552411.77,424933.1,493804.59,596919.96
"48","048",511852.04,627045.42,461148.91,756352.06,741693.8,852679.62,501304.09,566482.75,453611.97,746643.36,541667.53,455052.66,487915.23,580000.51
"49","049",481240.73,665192.82,473590.65,710105.37,784354.65,846314.23,486107.41,567415.6,464797.41,717460.65,541667.53,486952.2,492818.01,630560.99
"50","050",488505.75,662603.99,446318.64,687186.6,788717.22,835363.65,472865.64,575268.95,495189.06,704648.5,447430.07,508018.04,509217.76,660675.07
"51","051",480953.04,693915.68,468000.74,613650.38,755901.71,812773.16,479193.03,573611.79,674682.99,701975.16,444217.4,519211.14,537869.7,685511.31
"52","052",480953.04,711299.58,388804.15,589158.94,752481.55,792291.05,482009.86,573611.79,669926.54,731145.78,444217.4,580735.21,552077.17,711855.79
"53","053",480953.04,711299.58,527218.09,560008.46,805128.33,767292.44,469879.51,573611.79,679501.63,731145.78,444217.4,602018.93,553316.67,721385.33
"54","054",488664.68,711299.58,388804.15,537715.39,834070.9,715018.04,468904.6,627104.5,667187.59,731145.78,444217.4,562703.98,555800.61,706544.85
"55","055",488664.68,711299.58,482489.76,574188.17,815245.14,745512.16,483014.2,636231.63,671189.65,671317.41,432525.18,548752.01,559418.86,665449.88
"56","056",484566.69,711299.58,505938.67,623086.16,793463.8,739249.06,459729.03,659061.62,626077.72,675602.7,449923.6,547352.83,569277.28,651699.77
"57","057",466621.5,711299.58,520203.13,620419.44,769176.29,740213.61,455397.03,667241.76,602420.55,675602.7,500538.79,535488.97,599939.63,653420.22
"58","058",466621.5,721049.39,498573.16,620604.16,787654,696424.43,514166.31,658765.26,576757.03,675602.7,522118.04,550872.28,603444.73,673189.01
"59","059",466621.5,731477.84,509597.86,NA,809240.48,655267.6,531401.69,693448.93,561684.65,699785.3,529544.76,570195.27,544937.92,684894.06
"60","060",466621.5,736182.53,538735.9,721115.64,826233.15,631252.2,519703.06,690119.13,566762.85,701064.2,529544.76,573518.3,512601.35,701624.33
"61","061",466621.5,687827.43,589410.47,739873.95,830629.62,639697.74,524776.13,690119.13,560267.5,701064.2,552587.74,560207.77,526037.53,683522.06
"62","062",581795.84,661018.46,606669.05,733562.51,861179.38,671158.96,517189.96,690119.13,569410.06,701064.2,526226.36,554326.75,534373.26,779666.97
"63","063",581795.84,626044.01,606669.05,699135.4,874617.06,669027.45,494887.08,735704.56,581310.65,635868.6,522114.1,554604.09,578539.3,777447.88
"64","064",613608.68,626044.01,606669.05,686713.17,873188.94,694851.01,540382.29,732304.06,572262.25,658076.35,528360.56,588460.42,598120.54,781550.63
"65","065",613608.68,608608.37,606669.05,668978.69,891557.64,734983.49,563334.9,710877.92,575741.7,645505.64,515534.59,588460.42,618001.2,765573.11
"66","066",613608.68,608608.37,606669.05,637389.57,894190.63,768109.21,570052.28,727392.29,552439.1,645505.64,512501.48,597521.26,624840.77,759367.03
"67","067",646158.11,608608.37,606669.05,627584.47,861446.71,772617.19,525308.96,727392.29,544322.43,645505.64,447246.23,615064.55,632257.16,767912.78
"68","068",667961.24,601761.56,606669.05,607683.41,775955.58,735444.13,525779.95,772712.62,524632.46,518285.14,479659.11,609134.16,638285.26,767374.78
"69","069",667961.24,601761.56,586972.03,604634.36,736427.88,755024.72,512638.11,774513.16,512901.41,449498.89,479659.11,602367.19,652131.56,763478.99
"70","070",655740.54,583697.62,645794.22,609807.91,754178.05,697576.83,506227.43,777704.18,463082.15,449498.89,453467.17,595071.79,684539.38,802353.8
"71","071",655740.54,583697.62,645794.22,599857.21,755363.77,683182.87,476631.86,785522.59,507948.85,553804.23,444093.18,595071.79,679862.66,823656.46
"72","072",655740.54,583697.62,635328.29,600210.02,764340.34,708017.65,487293.35,774260.71,522753.82,434722.8,434281.33,589835.24,692659.55,807246.78
"73","073",655740.54,583697.62,635328.29,614687.21,766091.08,667613.96,486309.12,812724.06,592246.48,490740.97,430067.08,581733.19,690445.79,781672.72
"74","074",642564.71,583697.62,615431.18,614687.21,761747.22,675807.7,462631.49,809408.02,596528.26,489769.57,420614.23,568860.94,723361.23,793894.87
"75","075",646195.64,583697.62,592631.52,656963.91,793808.76,699246.56,497681.04,809408.02,604003.15,521883.41,409724.17,536505.72,718542.09,777137.06
"76","076",619434.51,583697.62,605886,660494.09,836014.88,692860.94,542082.31,742222.31,604003.15,521883.41,405382.73,521873.6,714893.22,753472.52
"77","077",628442.41,583697.62,592426.71,663985.35,840592.61,656682.38,544646.74,761374.02,604003.15,521883.41,378738.94,529081.54,689702.14,750753.53
"78","078",646400.97,583697.62,592426.71,649014.07,846628.72,609233.88,524473.14,759011.64,604003.15,521883.41,371502.81,501967.63,686708.85,730731.61
"79","079",690942.24,583697.62,592426.71,645844.21,834686.3,602290.97,531422.32,790709.71,656683.31,519169.19,371502.81,489145.5,689563.02,724273.81
"80","080",707363.43,583697.62,592426.71,642910.95,819126.44,580375.18,561713.3,790824.87,650752.98,548674.91,396037.3,512176.91,694155.64,690828.31
"81","081",724470.84,578410.09,592426.71,679036.9,798530.99,554852.57,561713.3,790824.87,718133.18,600994.25,490946.1,512305.9,713140.41,689107.76
"82","082",741405.89,494787.13,592426.71,694555.35,793861.92,575962.19,574728.21,827928.06,722621.31,600994.25,500924.74,498240.03,720725.27,681050.27
"83","083",699606.82,472229.82,646787.92,711514.99,827605.35,636169.04,574888.13,845206.78,721431.48,600994.25,527061.1,493831.09,728139.51,606371.76
"84","084",699606.82,447142.79,646787.92,730823.45,837148.51,647063.04,566815.26,845206.78,722701.79,656472.96,599379.11,493831.09,713432.12,613113.68
"85","085",699606.82,394551.12,696960.52,NA,852683.21,678466.4,562079.85,850919.65,715201.92,676854.63,585281.5,507977.3,708446.83,576842.88
"86","086",623289.78,370847.58,685680.83,778870.9,884671.97,720717.13,586891.82,835949.24,735393.37,721852.49,585013.74,487879.24,740333.53,NA
"87","087",609437.67,336049.34,685680.83,773712.28,907885.79,752997.28,582076.95,813453.9,678894.19,721852.49,549242.65,522214.05,750749.8,NA
"88","088",632600.09,404312.21,675902.86,743308.37,909815.85,770444.21,573921.98,829018.78,645917.17,717152.96,542158.68,540485.47,763498.98,NA
"89","089",623912.23,458764.1,634223.38,720376.74,914964.86,752052.71,558097.06,829018.78,640458.89,642887.06,518005.51,525881.17,769602.06,NA
"90","090",623912.23,441970.15,631037.02,NA,932606.83,756528.24,578233.07,794312.71,640458.89,601304.99,497978.52,525362.33,790203.5,NA
"91","091",622587.52,469155.86,628914.48,712893.55,936263.42,761973.91,554467.91,785218.83,634409.44,601304.99,497978.52,545241.74,788443.02,NA
"92","092",640206.29,479502.45,624890.3,NA,927991.41,837728.94,566201.87,781931.27,679945.33,596771.4,453701.46,552172.58,784106.73,NA
"93","093",665533.07,488544.64,624890.3,NA,928323.73,850842.74,600612.96,757734.65,700782.08,593564.86,382811.99,571999.43,777972.82,NA
"94","094",655861.32,500039.66,635606.58,NA,927345.62,850842.74,606588.34,755630.3,729360.04,542868.34,419748.38,566136.75,781001.38,NA
"95","095",617384.36,512694.21,647285.93,NA,915170.64,732047.52,608106.64,733293,729360.04,560358.31,439640.05,543103.43,781811.77,NA
"96","096",602340.19,512694.21,647285.93,NA,898014.72,743609.12,592711.93,714673.54,713945.87,604546.99,434791.35,554919.09,800528.88,NA
"97","097",602340.19,514411.54,647285.93,NA,884706.01,686877.14,566643.04,737748.89,680196.96,584475.22,503348.74,595499.24,792577.4,NA
"98","098",602340.19,523122.81,647285.93,NA,871521.32,679610.64,550423.91,760313.17,651565.12,526085.1,503348.74,599168.97,790449.58,NA
"99","099",602340.19,511646.25,647285.93,NA,870842.07,679610.64,550423.91,785471.28,733852.85,526085.1,457618.35,594086.54,779587.3,NA
"100","100",602340.19,518274.64,649161.01,NA,842326.45,723733.09,528768.23,777341.57,709881.98,511165.5,457618.35,548797.8,791632.01,NA
"101","101",602340.19,535195.12,649161.01,NA,819435.93,733010.56,519763.92,784400.56,695660.59,505853.68,435220.88,510156.44,783531.51,NA
"102","102",579980.67,522088.57,720687.15,NA,801385.56,748584.34,510617.45,768283.76,695660.59,511722.19,438381.31,490259.79,768184.4,NA
"103","103",488888.18,522088.57,743449.01,693788.11,768607.49,668343.59,497654.9,759799.58,660054.4,498986.03,406275.53,519959.01,745467.44,NA
"104","104",486201.35,521344.45,719195.25,663357.52,790631.14,661053.22,520727.58,743774.46,660054.4,472379.4,403197.27,551152.76,708699.02,NA
"105","105",495111.55,439903.96,719195.25,680490.61,815212.95,672740.74,474080.3,733120.82,664922.78,407015.28,462714.41,566786.38,696958.86,NA
"106","106",489411.44,439903.96,719195.25,689036.89,820219.96,647280.07,463874.63,720788.61,690575.03,391374.2,458325.19,626127.03,730138.6,NA
"107","107",492155.07,439441.55,719195.25,692936.13,808679.57,615047.5,518589.28,698524.55,672380.94,408281.4,425400.28,619831.74,715977.53,NA
"108","108",486427.46,448051.89,719195.25,704897.67,817515.81,625909.27,538691.41,703776.39,608446.7,NA,425400.28,632151.4,707690.3,NA
"109","109",470473.02,452659.52,588990.67,715897.44,810967.38,650366.48,551136.73,704579.1,584529.14,402537.69,459472.26,609898.8,684379.72,NA
"110","110",470473.02,453179.36,588990.67,717570.68,790202.32,679759.74,525119.33,739732.56,559406.01,390599.25,461216.66,577253.07,706066.63,NA
"111","111",466124.3,457425.44,531953.4,736666.97,796241.4,622203.29,537688.48,734798.25,573322.62,380048.39,422218.98,587298.54,732711.51,NA
"112","112",473732.31,436685.07,522261.43,734366.87,818526.58,584472.44,526932.13,766092.52,588041.12,377253.01,406752.7,555337.39,741543.71,NA
"113","113",502749.9,406440.83,520163.52,734366.87,830842.42,592139.53,544092.56,755458.35,587141.38,377253.01,406752.7,546421.89,724756.24,NA
"114","114",502749.9,376120.62,525893.68,724793.5,809410.77,592115.56,565180.93,695812.25,621464.15,365575.1,391917.99,551073.33,733520.14,NA
"115","115",488864.89,362006.61,537636.25,724793.5,801293.91,610434.43,563926.95,690835.55,623821.62,377321.13,386563.34,546728.8,730722.84,NA
"116","116",468849.86,371484.55,523646.23,724793.5,808922.12,595127.31,559121.09,668207.64,623821.62,419216.5,385928.03,569687.2,684743.82,NA
"117","117",457718.38,369988.14,526941.65,723517.41,775636.65,584836.88,528899.17,641845.98,648154.56,417474.92,423035.1,555790.6,685721.99,NA
"118","118",450589.05,377014.13,509370.73,720442.9,767762.27,597995.39,510884.83,586741.22,675522.96,440269.47,405112.29,548643.39,692266.21,NA
"119","119",453319.01,371576.68,516556.39,724572.32,762467.96,611018.57,456480.98,557138.62,671850.97,456109.3,382638.68,572506.12,693868.39,NA
"120","120",374991.55,396543.57,514818.43,NA,708085.96,547315.92,452596.87,543655.75,668687.74,456109.3,318601.28,570065.6,710237.62,NA
"121","121",366228.74,408137.99,492527.3,745907.43,711070.44,568711.85,420107.91,492651.43,666211.56,441589.94,348389.41,561220.29,695633.63,NA
"122","122",294884.47,406817.94,481862.41,741716.14,691031.21,553491.45,382128.71,507887.01,664848.69,441589.94,348389.41,550884.74,693168.59,NA
"123","123",259790.33,406817.94,481862.41,736838.73,597743,547087.04,338496.04,511336.63,682152.24,453395.67,346878.05,516401.1,690108.87,NA
"124","124",230493.49,406817.94,481716.23,742056.2,565531.76,562410.17,313364.56,556338.66,679510.07,453395.67,334082.46,510839.63,700391.61,NA
"125","125",231161.68,417014.51,466897.67,757834.1,550198.77,520271.27,296423.98,577144.33,699064.24,442797.66,334082.46,499794.09,685181.29,NA
"126","126",223274.94,423328.31,466897.67,730991.52,521283.51,524645.52,288059.61,491372.17,699064.24,412885.63,321494.06,496410.32,651564.74,NA
"127","127",209730.81,430154.53,463071.91,708508.26,519699.91,520780.26,260716.63,459531.33,683279.27,406890.55,327673.37,490778.34,598402.71,NA
"128","128",201062.45,418973.94,456413.99,687853.56,509086.86,495257.81,264353.05,484518.22,680713.45,406890.55,338419.34,487526.18,582225.46,NA
"129","129",200065.51,418973.94,456413.99,678519,505612.08,507690.54,299935.96,481150.11,671428.26,406890.55,314616.79,490848.82,560783.74,NA
"130","130",170383.67,418973.94,495379.04,664566.59,505656.91,548504.92,286279.89,475140.33,587654.02,402888.25,317165.24,500317.21,541907.19,NA
"131","131",175281.07,384352.87,486370.2,636036.63,477569.24,507595.98,275730.71,458960.31,578698.75,355566.76,311096.57,505439.3,530423.67,NA
"132","132",193367.18,361157.06,478258.89,600033.4,436478.76,513373.23,274498.71,461144.52,578698.75,333015.96,310996.47,510657.93,489016.08,NA
"133","133",196787.96,351553.1,452900.81,595206.95,423893.93,511036.56,261886.33,463542.16,538117.95,330093.54,319841,571909.41,464742.66,NA
"134","134",193533.59,351553.1,439798.68,591899.16,416788.27,545821.13,254830.93,476213.86,544139.43,345352.56,233691.9,537218.84,445166.56,NA
"135","135",184940.15,351553.1,437978.16,567584.76,406126.11,551209.62,223297.79,479196.03,521344.78,336719.18,232404.64,538569.61,464096.43,NA
"136","136",182553.96,358272.13,441145.01,542017.14,390350.09,515620.63,218410.46,455020.38,505466.33,337707.12,222090.66,539199.46,455542.63,NA
"137","137",182553.96,350613.77,442784.39,534867.48,395863.34,519992.93,219018.36,452793.92,495673.01,349722.79,225222.88,543563.71,453217.55,NA
"138","138",195525.5,335179.44,441527.81,531252.78,391108.88,508716.81,221708.22,455354.45,505824.11,406237.03,174494.04,526078.92,421279.13,NA
"139","139",205195.89,331583.08,440922.97,534373.58,368388.57,571050.5,242988.64,445886.44,505824.11,406237.03,174635.93,530644.05,429663.84,NA
"140","140",215844.46,335121.28,429068.93,540818.19,338169.63,569488.64,240655.17,419928.27,479354.01,406237.03,171252.36,524521.7,425785.13,NA
"141","141",193542.97,327568.38,433076.99,547777.22,339277.24,547872.26,233189.2,420770.39,431797.57,406237.03,152053.43,519745.6,401368.91,NA
"142","142",199880.96,303097.04,433076.99,536376.61,323041.85,542188.71,235582.81,389820.52,457487.87,410199.39,152053.43,524928.81,384970,NA
"143","143",199880.96,303097.04,433076.99,534940.47,312405.74,542188.71,233581.88,393878.12,447965.04,410199.39,152053.43,524315.13,377414.9,NA
"144","144",193765.63,302721.35,463793.89,523789.94,283288.08,525715.54,223848.42,392083.91,426330.02,410199.39,149663.8,504666.46,383991.6,NA
"145","145",193765.63,306015.22,464670.28,521632.76,267270.06,519971.08,238309.77,359875.21,448386.62,410199.39,145967.96,500054.14,389331.18,NA
"146","146",193765.63,307720.07,449555.2,528930.34,270199.54,510960.35,259455.7,327912.17,452990.16,410199.39,145967.96,489134.35,353525.51,NA
"147","147",193765.63,304705.12,442353.02,482623.25,264772.06,515354.01,259647.59,335786.38,424403.24,342616.55,142164.84,487978.7,335028.92,NA
"148","148",193675.02,307954.75,442353.02,462792.48,267316.1,490068.67,259098.9,349541.82,440190.04,298224.94,97394.11,502369.14,319399.32,NA
"149","149",193675.02,307954.75,436580.35,459861.68,278931.19,492898.27,250477.68,308490.86,420324.52,284195.97,83790.94,497284.2,337643.14,NA
"150","150",190771.35,307954.75,439488.17,437927.74,279277.7,489401.83,243823.97,310622.96,397107.53,274956.14,84866.33,461502.22,325433.15,NA
"151","151",180905.73,323801.12,439609.46,NA,265656.53,470789.39,236503.18,317298.98,387455.01,252417.72,79547.64,445065.91,321169.49,NA
"152","152",180905.73,323801.12,434176.37,420668.81,250851.54,430065.5,222885.47,314675,384751.74,249998.89,79547.64,423074.9,324834.95,NA
"153","153",180905.73,335606.83,421624.28,420132.1,248536.41,420740.9,221821.84,307082.74,377718.78,240823.57,109677.76,366578.1,308000.86,NA
"154","154",176465.54,331372.33,423537.3,410873.42,233285.07,400479.09,209661.48,295503.33,377718.78,238744.03,105500.43,367323.3,299506.59,NA
"155","155",192724.67,311118.61,419479.79,385660.24,220997.87,402368.4,209661.48,280565.42,348418.22,242541.68,96775.34,375426.02,271811.33,NA
"156","156",166851.74,311118.61,419026.64,345636.53,218553.45,402009.94,221250.84,270920.78,338621.01,242541.68,96936.65,378970.04,243801.42,NA
"157","157",150293.92,310695.5,419026.64,345433.06,218553.45,368156.98,218770.32,275041.64,340785.44,239359,100044.79,358508.54,227349.38,NA
"158","158",144905.44,314398.71,419026.64,343099.54,218553.45,334307.18,217955.05,260432.77,338227.9,231593.69,113910.08,340837.03,233922.92,NA
"159","159",146198.12,312728.58,419861.16,337938.2,206742.35,297346.17,198988.98,214075.18,310358.09,230434.6,89376.43,351917.64,211011.06,NA
"160","160",146198.12,309100.49,416516.65,334633.63,168580.53,326690.36,193351.29,218663.3,275645.52,229798.66,89376.43,337561.28,199396.66,NA
"161","161",145922.71,284884.55,369899.67,332562.21,187554.6,345782.81,68477.79,200299.7,264530.54,226031.36,83786.94,327285.03,190504.78,NA
"162","162",145115.16,284884.55,369899.67,355491.55,165863.05,311449.86,137960.99,193096.42,271439.14,222334.44,77607.18,323210.49,193164.46,NA
"163","163",145115.16,262700.69,361587.78,362879.26,164759.64,334789.83,121762.52,160697.84,263273.92,221561.79,77607.18,323325.3,209427.39,NA
"164","164",145115.16,268776.47,369645.96,348466.3,158671.01,302194.78,92726.58,160697.84,263947.97,221561.79,77607.18,316203.45,207654.85,NA
"165","165",137408.04,264253.35,375233.19,326836.51,144968.79,295867.89,90742.88,146594.56,259620.32,177819.45,77283.23,289357.93,201802.47,NA
"166","166",130643.27,249878.52,370167.16,324013.43,138263.5,273206.72,91308.67,129629.64,275816.34,170125.17,76864.03,294394.93,188487.91,NA
"167","167",130643.27,245807.15,345485.12,323743.57,129475.73,286265.56,86428.28,122036.13,275816.34,163100.24,74575.47,291345.43,182747.74,NA
"168","168",129704.8,245807.15,349572.2,321902.3,138697.95,276916.94,83727.76,138685.19,275816.34,162757.19,70366.54,285238.4,179662.08,NA
"169","169",125116.96,221330.32,331207.08,281455.98,135321.33,288582.09,53933.97,154376.35,281979.68,162757.19,70366.54,274948.98,166792.52,NA
"170","170",123951.48,219642.2,311124.03,282230.86,124613.04,285367.27,50176.19,153531.14,265966.8,155245.21,70685.62,271688.85,140659.4,NA
"171","171",127611.4,225729.93,300464.84,235678.44,125497.48,291010.13,52601.15,153497.93,238323.24,152567.62,61594.72,246686.96,117392.22,NA
"172","172",127611.4,217373.04,293187.31,227577.63,121088.95,267782.61,46609.03,133967.19,185190.71,149562.04,53487.75,230040.54,106909.11,NA
"173","173",127611.4,214954.26,292470.34,193230.99,112552.49,228744.13,46121.17,113145.86,173091.9,149562.04,50466.16,226973.67,93264.83,NA
"174","174",107466.43,206816.49,278706.51,183140.92,119153.06,234101.46,41694.34,111870.81,178504.85,156263.16,40438.3,223133.1,91789.71,NA
"175","175",95453.27,207907.95,279381.42,200669.85,108411.49,234916.89,35803.97,103645.2,170935.95,156263.16,39877.83,254312.51,91357.57,NA
"176","176",95453.27,207907.95,266786.52,194327.62,109115.19,173874.86,32986.44,77873.69,197320,158329.67,38506.29,231848.54,80194.69,NA
"177","177",90143.43,198846.33,249692.3,186983.34,91046.5,134621.63,34436.39,58800.7,193831.19,158031.64,38506.29,216972.84,74092.56,NA
"178","178",85324.19,182274.33,239752.26,185671.47,91434.22,137434.86,29848.03,59085.99,182523.13,158031.64,27440.96,211505.84,65713.89,NA
"179","179",78943.03,177418.85,237729.44,174600,88121.1,142322.68,24624.13,63093.85,181931.91,158031.64,27206.02,201435.43,60947.57,NA
"180","180",80777.23,161101.66,232436.9,174597.88,84849.08,133877.68,23592.72,40444.49,178620.11,148407.21,27206.02,186011.67,57003.5,NA
"181","181",80777.23,130100.86,238850.11,NA,NA,135881.61,15791.99,36269.67,179302.05,144598.35,27276.46,177110.39,59849.31,NA
"182","182",61112.48,112929.89,203413.27,160847.14,80594.23,128021.97,15791.99,26810.84,177746.38,142233.98,25988.03,174257.14,60612.03,NA
"183","183",56067.81,97267.03,197163.68,159702.24,81977.67,130323.92,17619.94,23268.33,139247.02,154538.49,11765.1,162988.36,58896.41,NA
"184","184",57976.18,97267.03,193570.54,155087.27,81041.2,129423.34,15295.67,18858.5,140479.32,162910.17,10401.42,166721.77,66521.87,NA
"185","185",57164.77,97267.03,179358.86,140104.83,80609.45,138076.47,15295.67,19682.52,120724.95,155288.73,10242.61,170230.69,55421.71,NA
"186","186",51360.49,97267.03,178874.27,103235.96,75801.62,128405.58,13323.77,14824.42,116931.25,147773.52,10242.61,150814.72,50297.66,NA
"187","187",51360.49,97267.03,178439.19,96722.21,72803.49,121820.6,13107.05,14858.8,114894.22,133550.66,10242.61,138741.76,52344.65,NA
"188","188",48914.45,91567.3,178439.19,96074.95,72098.96,119452.21,13411.75,14068.45,110109.94,130241.95,10242.61,140581.36,54547.22,NA
"189","189",42849.41,82617.22,176018.67,88020.37,67773.16,116547.36,14333.66,9446.65,109185.48,130350.18,10242.61,134673,60584.31,NA
"190","190",36948.35,77180.12,173226.84,78959.11,60770.43,107387.03,12415.35,9446.65,101439.35,100278.96,6975.66,125872.19,59148.7,NA
"191","191",36948.35,76314.18,172143.64,76793.42,55613.04,102847.25,11282.55,1361.04,102840.58,99977.1,1121.07,122865.43,61142.39,NA
"192","192",36480.14,75910.45,172143.64,74372.18,47482.69,104836.45,10023.21,1361.04,96304.25,74979,1121.07,116866.37,45076.99,NA
"193","193",36480.14,75910.45,170410.43,74439.72,44921.26,106767.92,8283,1361.04,98573.69,73976.52,578.43,117520.91,35267.41,NA
"194","194",35301.86,75730.5,162447.8,74852.02,44253.59,86066.49,8862.54,53.78,98573.69,78218.05,451.42,117646.98,25275.92,NA
"195","195",31605.39,75730.5,155349.79,74782.58,34552.25,81480.35,8306.14,53.78,90566.65,74295.26,NA,109545.98,30629.3,NA
"196","196",27200.43,75730.5,157681.93,69779.22,29397.84,79451.7,8306.14,53.78,86948.14,73234.26,288.5,101962.38,25060.04,NA
"197","197",26730.8,60636.53,125604.43,69025.25,30459.48,68652.84,8306.14,53.78,87889.57,69417.28,35.41,89250.77,21666.67,NA
"198","198",26316.38,59610.15,125604.43,69025.25,28681.36,64297.61,8306.14,17.78,92766.23,64302.81,35.41,89377.2,17916.23,NA
"199","199",25358.42,59555.93,113585.6,69007.53,28469.09,53179.23,7093.06,17.78,94012.7,56678.43,35.41,80821.62,17626.24,NA
"200","200",26679.83,55932.55,114610.18,69007.53,21298.42,58955.89,4600.77,17.78,99088.59,54598.01,35.41,74052.95,16265.54,NA
"201","201",22529.91,55793.9,109277.82,74213.91,17619.28,44973.88,1190.98,17.78,90552.69,42161.77,35.41,73540.35,5666.83,NA
"202","202",16440.51,49639.31,107229.87,76395.48,17689.72,53668.32,1190.98,17.78,90552.69,47976.19,35.41,74650.41,8339.29,NA
"203","203",15662.29,41688.85,96240.3,74249.02,17654.44,56197.76,2006.46,17.78,90552.69,49476.43,35.41,74650.41,7879.99,NA
"204","204",16075.78,NA,95926.62,72440.69,9042.33,56197.76,1794.98,17.78,86296.99,46113.47,35.41,73553.97,4152.43,NA
"205","205",16075.78,38871.01,93029.02,66084.8,8374.85,50830.49,1686.09,17.78,82244.86,43836.59,35.41,73147.32,4243.65,NA
"206","206",16437.78,38345.66,93029.02,64517.34,8374.85,40038.48,1686.09,17.78,79847.21,43836.59,35.41,73120.3,2639.55,NA
"207","207",16437.78,38345.66,79412.42,61640.95,5669.71,43651.93,163.18,17.78,79847.21,48954.6,35.41,74351.79,2351.02,NA
"208","208",16546.4,38449.55,74997.04,60029.8,4838.45,45562.44,18.13,17.78,79847.21,53541.19,35.41,74162.4,3084.89,NA
"209","209",15056.68,38449.55,76062.83,61291.71,3378.71,49917.57,18.13,17.78,77126.81,53541.12,35.41,75892.23,812.39,NA
"210","210",15056.68,20560.71,70745.72,59654.42,904.66,49628.82,18.13,17.78,76676.4,54678.95,35.41,74412.73,612.95,NA
"211","211",15039.63,20777.96,70747.03,59762.48,851.63,32080.92,18.13,17.78,83936.98,54064.94,35.41,71741.41,525.46,NA
"212","212",14075.61,23702.58,70044.5,NA,851.63,14087.7,18.13,17.78,92367.24,39571.05,179.86,63721.78,525.46,NA
"213","213",13174.26,23702.58,70044.5,57669.39,1377.56,20539.22,18.13,17.78,85798.43,36340.9,144.45,66530.23,362.59,NA
"214","214",13354.68,18950.71,70044.5,57669.39,2411.24,20882.29,18.13,17.78,94618.03,32425.65,0,65882.53,144.92,NA
"215","215",11546.67,18950.71,70044.5,52457.53,2683.24,20846.32,18.13,17.78,96121.28,28780.26,0,69901.88,144.92,NA
"216","216",11546.67,18950.71,56693.89,61580.32,3825.73,18242.11,18.13,17.78,90291.39,26500.3,0,72649.18,144.92,NA
"217","217",12138.12,18950.71,56693.89,61580.32,3825.73,18242.11,18.13,17.78,94317.2,26012.21,0,77927.59,144.92,NA
"218","218",12138.12,16258.72,59378.46,68216.36,4715.42,18153.92,18.13,17.78,97716.84,23235.46,0,70409.27,144.92,NA
"219","219",12138.12,16258.72,59378.46,76525.79,4715.42,21108.4,18.13,17.78,97484.5,23235.46,0,70069.3,144.92,NA
"220","220",12138.12,15807.21,56827.07,73115.99,4624.69,18814.28,18.13,17.78,96613.31,23216.4,0,70600.54,144.92,NA
"221","221",12138.12,15435.38,74019.94,71508.33,3699.76,16266.79,18.13,17.78,96613.31,22582.22,0,48363.82,144.92,NA
"222","222",12138.12,15435.38,73387.53,69865.23,4098.57,17283.45,18.13,17.78,99590.94,22582.22,0,48346.56,144.92,NA
"223","223",5041.57,15996.08,73387.53,78390.99,2121.25,12581.66,18.13,17.78,107644.98,22510.01,0,60000.72,144.92,NA
"224","224",5041.57,17907.12,64615.44,74269.11,2683.72,12131.76,18.13,0,113431.98,22510.01,0,50402.43,144.92,NA
"225","225",5041.57,15921.42,63181.82,74002.05,3337.01,12131.76,18.13,0,112154.51,22528.12,0,48543.11,144.92,NA
"226","226",5041.57,17323.88,62488.41,70553.01,3101.24,10522.17,18.13,0,110362.85,23510.31,0,46407.89,144.92,NA
"227","227",5041.57,17323.88,56930.52,72193.46,3101.24,11408.64,18.13,0,111609.06,23510.31,0,40271.16,144.92,NA
"228","228",5041.57,15858.63,41305.38,71453.07,2594.18,10956.08,18.13,0,112870.08,22532.72,0,32458.26,144.92,NA
"229","229",5726.17,17229.43,41305.38,67162.15,2594.18,15316.08,18.13,0,109945.21,22532.72,0,32567.16,17.89,NA
"230","230",5726.17,16090.48,40276.26,66113.35,1342.57,14392.78,18.13,0,113727.17,22532.72,0,28994.85,17.89,NA
"231","231",3488.39,16090.48,37232.48,66834.84,0,14483.2,0,0,113727.17,22532.72,0,28451.6,17.89,NA
"232","232",3488.39,15949.13,38025.65,53876.07,0,13576.39,0,0,109260.96,22532.72,0,28631.49,17.89,NA
"233","233",3488.39,15895.99,37137.05,47701.31,0,13576.39,0,0,123796.72,10113.79,0,33482.1,17.89,NA
"234","234",3488.39,18656.32,37137.05,47014.48,90.68,15745.15,0,0,131186.19,11433,0,33482.1,17.89,NA
"235","235",2586.36,17997.92,35492.66,47014.48,90.68,16269.47,0,0,137209.84,2278.71,0,48025.41,17.89,NA
"236","236",3221.7,18773.72,34697.07,43044.15,163.23,11474.95,0,0,131579.36,2278.71,0,46450.97,17.89,NA
"237","237",3221.7,18773.72,36040.18,38098.17,36.26,10334.19,0,0,137257.92,2278.71,0,47082.2,17.89,NA
"238","238",4382.75,15814.61,34338.85,38098.17,344.63,5325.93,0,0,143656.47,2278.71,0,46689.07,17.89,NA
"239","239",4382.75,12691.61,37035.7,36382.96,1414.27,8562.06,0,0,151564.6,539.04,0,46145.84,17.89,NA
"240","240",3947.26,11066.04,40140.12,34095.43,2211.68,6917.25,0,0,146158.25,700.8,0,41940.73,17.89,NA
"241","241",3657.66,10036.71,31691.85,44521.87,3951.18,7276.17,0,0,NA,700.8,0,40745.67,17.89,NA
"242","242",3657.66,9656.66,31691.85,45222.39,7846.71,7276.17,0,0,125480.81,700.8,0,40745.67,17.89,NA
"243","243",3657.66,9656.66,31691.85,NA,7846.71,5593.33,0,0,139355.58,18.1,0,24882.39,17.89,NA
"244","244",3657.66,11061.1,31691.85,40783.24,7846.71,7293.19,0,0,137332.85,18.1,0,16637.79,0,NA
"245","245",2811.09,13150.58,28675.85,40783.24,9152.85,6624.27,0,0,134620.58,126.43,0,21112.9,0,NA
"246","246",2811.09,13133.25,25951.88,36715.02,14816.96,6624.27,0,0,130385.87,126.43,216.72,26146.53,0,NA
"247","247",2811.09,10765.76,19547.16,31995.34,14816.96,6624.27,0,0,129923.98,126.43,216.72,25044.51,0,NA
"248","248",2811.09,10765.76,19547.16,24682.56,14816.96,3094.44,0,0,121207.83,18.1,216.72,11980.75,0,NA
"249","249",5207.05,10765.76,13806.56,26054.8,16807.1,3094.44,0,0,126097.69,18.1,216.72,11437.51,0,NA
"250","250",5207.05,6714.73,16718.39,28546.83,18870.52,1122.45,NA,0,124698.88,18.1,216.72,23413.08,0,NA
"251","251",5207.05,5882.44,15596.92,32341.96,18870.52,217.52,0,0,127133.39,18.1,216.72,23122.53,0,NA
"252","252",6785.91,5882.44,15596.92,31834.18,29093.32,217.52,NA,0,130065.27,18.1,216.72,8283.59,0,NA
"253","253",7202.97,5737.32,15596.92,30320.22,33903.74,144.94,0,0,138162.35,18.1,0,3840.74,0,NA
"254","254",7202.97,7383.81,33890.83,31329.67,39658.14,144.94,0,0,139661.71,18.1,0,4312.65,0,NA
"255","255",7202.97,7419.96,32198.05,32489.6,44842.69,144.94,0,0,142335.65,18.1,0,2498.75,0,NA
"256","256",7202.97,7419.96,29041.12,33592.68,49535.08,144.94,0,0,141541.53,18.1,0,3116.18,0,NA
"257","257",7202.97,7419.96,34932.63,31298.05,49463.05,144.94,0,0,139567.16,18.1,0,2735.13,0,NA
"258","258",7202.97,7419.96,34932.63,30537.63,50694.42,144.94,0,0,127369.2,18.1,0,2535.29,0,NA
"259","259",6385.52,7419.96,34889.68,40847.03,50694.42,90.53,0,0,126353.99,18.1,0,1465.03,0,NA
"260","260",6385.52,7419.96,30044.05,36893.82,41539.5,90.53,0,0,131777.11,18.1,0,1664.15,0,NA
"261","261",6385.52,5049.84,29686.57,33924.84,35027.37,90.53,0,0,127972,18.1,270.84,1954.42,0,NA
"262","262",7255.99,5176.54,37599.63,33906.7,31593.6,90.53,0,0,132741.13,18.1,270.84,2371.97,0,NA
"263","263",7255.99,5176.54,37599.63,28802.35,32426.37,90.53,0,0,137282.78,18.1,270.84,956.02,0,NA
"264","264",7255.99,4850.73,27469.02,28459.36,32426.37,0,0,0,133036.15,18.1,270.84,1120.37,0,NA
"265","265",8290.4,4850.73,29347.41,28441.64,31628.01,0,0,0,132923.78,18.1,270.84,1882.87,0,NA
"266","266",8290.4,4850.73,29347.41,28224.07,25949.21,0,0,0,116344.89,18.1,270.84,2300.26,0,NA
"267","267",8544.38,4850.73,29347.41,27408.97,24011.25,0,0,0,121893.55,1281.71,270.84,5912.2,0,NA
"268","268",22250.9,4850.73,28439.01,27683.15,21675.64,0,0,0,121399.12,1281.71,270.84,6111.88,0,NA
"269","269",22250.9,4850.73,31924.81,21201.68,21078.56,0,0,0,125080.01,343.15,270.84,6111.88,0,NA
"270","270",25024.53,4850.73,28982.41,20820.79,19159.72,0,0,0,125246,343.15,270.84,6111.88,0,NA
"271","271",25804.45,4850.73,29145.33,16531.08,18670.79,0,0,0,116920.28,343.15,270.84,5585.44,0,NA
"272","272",25804.45,4850.73,29145.33,14884.01,28105.69,0,0,0,122966.52,1444.77,270.84,2227.88,0,NA
"273","273",36069.68,4850.73,28407.05,NA,25173.84,0,0,0,130903.34,1444.77,270.84,2010,0,NA
"274","274",43666.1,4850.73,39780.65,14572.37,16390.94,0,0,0,138890.89,1444.77,270.84,2010,0,NA
"275","275",43666.1,4850.73,39815.76,12148.4,21877.41,0,0,0,141000.36,1444.77,270.84,2155.25,0,NA
"276","276",43666.1,4356.17,39815.76,9123.09,20882.65,0,0,0,153070.37,1444.77,270.84,2155.25,0,NA
"277","277",43666.1,4850.73,39815.76,9899.18,20755.71,54.33,0,0,158557.35,1462.83,270.84,2155.25,0,NA
"278","278",43666.1,3580.09,39130.16,10707.26,20755.71,54.33,0,0,163670.02,1462.83,270.84,2445.11,0,NA
"279","279",47721.88,3580.09,39130.16,22531.3,23039.23,54.33,0,0,172474.75,1462.83,270.84,3496.09,0,NA
"280","280",47721.88,3580.09,62171.98,33400.97,21443.54,54.33,0,0,161353.26,1588.63,270.84,3874.09,0,NA
"281","281",47721.88,3580.09,61306.84,32723.31,21443.54,6520.97,0,0,171903.68,1588.63,270.84,5106.29,0,NA
"282","282",51012.39,12933.09,59810.08,32075.1,26582.78,7300.27,0,0,170700.76,1588.63,270.84,11156.55,0,NA
"283","283",51012.39,14446.51,59810.08,38762.41,28917.07,7408.83,0,0,178335.24,1588.63,270.84,19562.2,0,NA
"284","284",73343.46,14012.82,64038.35,39837.84,25471.68,7408.83,0,0,190572.97,1588.63,270.84,25603.25,0,NA
"285","285",73343.46,14012.82,65516.49,39094.34,25471.68,10810.28,0,0,202882.74,1588.63,270.84,34229.99,0,NA
"286","286",117134.03,15535.3,72814.7,50533.76,17265.41,11278.29,0,0,227256.25,1588.63,270.84,33451.3,0,NA
"287","287",133721.06,21459.17,89492.1,54819.87,21372.65,13142.06,0,0,225861.36,1588.63,469.51,32541.88,0,NA
"288","288",149304.15,21459.17,97530.61,69627.4,21858,13142.06,0,0,235035.83,1588.63,469.51,31339.95,0,NA
"289","289",160603.99,25376.58,97530.61,64363.26,27973.29,14191.69,0,1455.76,266906.5,1588.63,469.51,26852.57,0,NA
"290","290",163141.49,25376.58,93598.33,59233.42,31575.27,14499.43,0,5583.29,NA,1588.63,1849.18,31208.4,0,NA
"291","291",163141.49,25376.58,87170.05,62542.58,47502.97,15369.48,0,7895.54,270571.17,1588.63,1849.18,26505.96,0,NA
"292","292",169742.55,25376.58,87170.05,61407.94,57171.27,15568.75,0,7895.54,262810.49,1588.63,3754.65,46101.66,0,NA
"293","293",169742.55,25376.58,96045.73,62296.18,42545.68,13073.15,0,7895.54,NA,1588.63,11517.11,50931.84,0,NA
"294","294",197736.73,25376.58,91835.31,49759.05,37487.52,12330.07,0,11792.91,NA,1588.63,10954.45,56076.99,0,NA
"295","295",197736.73,25376.58,81466.36,33125.54,34055.88,12729.83,0,14971.77,264458.07,1588.63,11262.2,67973.25,0,NA
"296","296",197736.73,27244.36,80480.87,21867.6,27740.01,22417.15,0,19080.25,275965.71,1588.63,10719.26,84058.39,0,NA
"297","297",197736.73,27244.36,80480.87,51005.86,22743.4,27485.21,0,24711.19,280785.47,13281.79,11008.86,72897.38,0,NA
"298","298",219773.26,27244.36,102870.27,45129.16,20293.98,28876.93,0,35331.64,237518.69,13281.79,13512.41,76530.54,0,NA
"299","299",229753.95,27244.36,115715.01,45707.6,20983.92,21082.7,0,42344.88,233534.9,9450.17,14463.91,80479.52,0,NA
"300","300",233682.62,27244.36,128454,23603.24,23809.45,27825.42,0,45925.05,240033.73,9215.35,13738.44,108936.6,0,NA
"301","301",233682.62,27244.36,139130.03,39303.85,26814.29,40991.11,0,55663.35,240766.92,12615.74,13593.25,99228.89,0,NA
"302","302",238671.57,27244.36,153934.94,52108.6,29259.87,40991.11,0,58034.8,257095.58,16932.01,14064.98,92139.92,3972.24,NA
"303","303",244492.39,58181.35,186515.22,55069.42,33104.47,42893.17,0,65648.99,261427.79,20112.08,14064.98,78663.78,4074.97,NA
"304","304",244492.39,52822.91,208869.06,NA,44692.53,37999.45,0,83898.38,272207.83,35471.61,13373.31,70256.43,4057.91,NA
"305","305",248637.97,67716.33,237560.49,97260.67,67670.19,37999.45,0,81649.4,301306.98,61830.72,24522.03,59500.15,5583.02,NA
"306","306",248637.97,85224.02,269949.02,102281.13,88116.23,37675.72,0,116287.51,316303.72,59120.96,36134.26,67798.05,5583.02,NA
"307","307",248637.97,95279.16,251738.57,91735.49,111693.32,51291.52,0,105181.19,321057.63,59120.96,35383.6,NA,6165.88,NA
"308","308",247781.02,96651.4,211508.16,87478.29,126504.94,57692.29,0,90124.03,335878.87,51112.74,42291.26,NA,6165.88,NA
"309","309",255080.89,96651.4,221972.8,75575.41,130413.87,71852.74,181.19,77107.96,344298.55,45045.76,38441.39,89777.35,6165.88,NA
"310","310",211763.47,102558.23,221972.8,78064.57,143585.15,77833.55,8029.42,74299.24,362930.03,47204.68,43024.93,82143.41,12171.86,NA
"311","311",211763.47,89765.96,251123.9,66371.92,155573.45,66333.34,9578.75,74299.24,366175.21,85453.4,38880.77,89392.22,12732.94,NA
"312","312",158260.34,75039.47,251123.9,53236.58,187073.95,47987.61,11637.4,60455.18,378114.86,97687.32,44424.96,116663.36,13289.83,NA
"313","313",158260.34,75039.47,251123.9,61082.22,202722.05,46971.73,11276.99,88580.82,389325.75,84965.07,45542.26,123726.17,32334.06,NA
"314","314",211650.33,81428.38,304395.52,91684.19,218217.74,66524.08,11276.99,100330.01,365958.32,84965.07,45542.26,116573.14,41404.99,NA
"315","315",214442.22,93498.48,308317.73,85389,222728.24,95640.53,11276.99,90498.25,397719.08,87659.91,23825.54,117071.55,31080.95,NA
"316","316",214442.22,124479.97,295487.21,89686.94,236519.98,105689.64,11345.7,99699.24,413673.84,62302,26018.83,106933.07,33126.84,NA
"317","317",214442.22,144236.12,294422.24,82028.65,216286.54,123713.22,11345.7,78706.76,419750.27,62302,30501.35,100484.24,31196.06,NA
"318","318",156746.78,150197.67,284567.14,85644.52,210019.08,121770.07,13605.39,115354,440742.32,87823.17,31293.89,85719.91,31320.51,NA
"319","319",196494.76,145438.27,284018.06,102108.02,196481.53,134893.3,15505.62,118800.04,508174.72,98697.09,30948.67,68646.6,57791.43,NA
"320","320",180015.63,149481.99,283828.37,161642.09,190125.45,188974.24,15918.42,133291.56,509709.12,110774.17,25906.55,68869.01,65797.89,NA
"321","321",183096.5,128885.47,297572.06,185016.95,196299.16,195275.24,15941.44,80865.12,504234.89,110774.17,25906.55,68869,70147.96,NA
"322","322",183096.5,120813.26,318976.77,198985.31,221729.55,202466.55,24444.43,71159.67,499163.71,112507.96,31135.47,89916.29,83621.18,NA
"323","323",183096.5,151408.37,345792.66,179043.3,244387.45,215281.86,42557.8,76357.16,490802.48,115060.92,32627.31,97761.43,91229.18,NA
"324","324",185288.61,130915.33,362908.37,151627.06,276185.84,256012.72,37438.89,90772.18,498573.5,115060.92,28561.79,105835.85,86824.5,NA
"325","325",175117.01,130915.33,351754.55,139329.22,282800.07,293918.43,40776.23,125652.83,517221.31,115947.69,28561.79,117199.25,101301.38,NA
"326","326",175117.01,130915.33,344255.2,137908.69,307186.64,309371.72,44562.26,140029.83,483596.63,119241,28056.75,128363.84,118297.15,NA
"327","327",165972.99,137195.07,322185.53,131370.43,326843.66,268963.32,49561.48,137079.03,497784.82,119241,28187.56,151518.32,133730.67,NA
"328","328",151678.99,137195.07,322185.53,160121.96,343939.34,256114.11,99789.18,126550.49,479451.55,119241,27889.29,177271.68,147009.2,NA
"329","329",140161.32,137195.07,292122.33,164128.57,382795.5,256114.11,100675.08,114244.66,491700.93,125287.49,31172.84,191448.15,140632.06,NA
"330","330",131359.7,119826.45,339829.23,193650.38,395302.29,241051.01,131977.42,178849.6,490185.38,118540.35,47046.28,208957.34,154611.35,NA
"331","331",137692.05,146488.66,340337.35,208601.68,426151.78,246663.67,148156.13,199103.01,507494.33,129985.37,52478,255559.95,179098.34,NA
"332","332",137692.05,166029.65,360074.42,164679.62,439290.49,241319.05,163504.28,223240.8,490086.89,130379.26,45709.56,245464.6,182673.08,NA
"333","333",133023.16,146488.66,345901.87,144541.78,472616.74,278504.72,172700.67,239517.75,504439.63,130413.78,54322.15,238679.23,180130.98,NA
"334","334",133023.16,216524.72,362004.23,NA,481985.29,278364,180503.17,300149.29,516477.75,130413.78,56216.6,248422.82,167494.86,NA
"335","335",183559.29,228102.32,382689.98,149427.3,462021.15,297203.42,183981.9,298174.16,540421.03,149643,103268.28,262403.64,156901.18,NA
"336","336",190492.83,222768.92,397595.34,167086.66,473668.3,273162.88,183981.9,298581.12,478204.59,149643,111710.08,274486.44,150642.19,NA
"337","337",205997.24,222768.92,386059.04,209410.76,474514.47,258657.48,220016.1,305363.74,502756.1,153100.11,135142.15,236050.72,148848.02,NA
"338","338",241126.01,222768.92,363946.32,237192.73,509136.32,267348.13,221909.85,318481.12,502756.1,156033.66,143556.87,204763.15,141579.75,NA
"339","339",244065.36,222768.92,391780.64,273110.41,536553.74,281174.56,232314.71,348256.05,521037.4,164596.7,152581.94,181692.41,127950.51,NA
"340","340",282654.51,276022.11,416777.67,270376.09,519166.46,292888.77,261030.2,376228.49,563859.93,188446.47,152581.94,179512.17,122249.97,NA
"341","341",292388.99,216824.26,392256.3,269188.71,516386.68,297000.34,267913.81,382579.07,555980.62,188446.47,172088.06,169833.35,110454.43,NA
"342","342",292388.99,215094.6,392744.27,250926.94,505834.35,291570.56,273433.96,391203.03,564997.31,158479.17,195816.95,169833.35,109526.29,NA
"343","343",313728.61,218990.82,388183.32,263618.87,518335.33,296991.78,278470.51,433440.88,594808.86,158757,197811.83,189713.83,134790.68,NA
"344","344",330979.55,218990.82,392158.77,266296.69,519802.9,305489.02,293975.32,438306.89,467783.08,158757,209494.14,208434.36,145376.86,NA
"345","345",331827.15,218990.82,403319.01,258046.24,512471.18,328690.31,295577.46,472142.38,496388.48,182336.62,214872,226623.74,146409.34,NA
"346","346",300589.54,236963.79,441726.14,283549.11,522631.28,347359.61,266060.92,453871.13,489078.51,254055.01,241069.22,239245.29,167510.79,NA
"347","347",249683.62,236963.79,440966.03,298144.9,513787.23,360593.69,277559.98,401995.96,489078.51,269715.63,263374.47,224788.12,174350.95,NA
"348","348",250445.88,236963.79,420561.2,331571.65,533506.87,366031.99,275337.63,430092.23,408581.21,269715.63,271462.89,229983.88,178238.52,NA
"349","349",209292.51,285178.75,401448.89,353459.44,537983.23,387513.59,256982.55,437612.86,433079.77,286703.18,274697.63,209833.72,175594.7,NA
"350","350",197681.83,283617.17,403259.84,369516.16,537264.85,388205.22,263325.71,438742.84,429401.1,298880.63,283836.69,231063.59,164994.12,NA
"351","351",209237.9,268976.32,402698.57,382701.91,535000.44,357119.06,263325.71,408141.55,443338.75,299171.35,260360.39,250343.94,159602.7,NA
"352","352",220807.53,302860.47,420678.53,395258.53,551669.17,353778.41,223009.92,402649.79,439533.09,318589.28,252170.98,258082.98,161807.6,NA
"353","353",225916.51,312660.65,402043.34,389575.85,557620.11,324593.77,309573.37,388470.24,490311.03,341116.38,238435.48,267247.47,177632.47,NA
"354","354",225916.51,328687.25,402043.34,362577.23,556701.41,311175.82,336639.89,406720.25,491599.76,354521.33,222542.31,271362.13,197577.14,NA
"355","355",225916.51,297826.55,383051.56,421722.68,574374.35,310029.99,332128.14,401550.28,505762.87,355427.1,169751.56,230197.55,178279.35,NA
"356","356",225916.51,303970.49,391445,446968.12,607130.19,355197.39,383600.42,388529.86,519292.84,349835.58,169751.56,187226.48,195374.24,NA
"357","357",225916.51,303970.49,398153.35,439294.34,646629.17,357304.53,351735.13,396644.11,542200.32,349835.58,171506.91,172218.09,180154.88,NA
"358","358",276168.58,303970.49,409317.28,439141.87,665152.68,338558.67,358194.99,439539.66,578296.18,324167,171343.58,153948.25,185101.94,NA
"359","359",301188.34,303970.49,425661.74,459507.24,682358.64,333505.5,384647.42,453438.21,587744.31,324167,127456.63,166374.86,201413.61,NA
"360","360",345430.89,270227.15,465483.72,498669.39,678308.69,305278.87,425668.3,453893.52,625050.26,297635.78,121632.96,184544.63,227627.58,NA
"361","361",345430.89,279133.69,438809.88,519093.81,668459.15,304532.13,407212.42,444498.8,622911.13,297635.78,146047.2,229649.62,231756.55,NA
"362","362",286774.39,287977.72,382728.57,553217.13,673744.23,300975.72,412444.8,429820.79,652382.43,337645.82,151980.27,256764.17,222542.97,NA
"363","363",296873.57,287977.72,391712.53,574123.84,682041.15,308249.11,433582.29,430386.53,635153.37,345906.73,158653.66,272030.27,233461.5,NA
"364","364",296873.57,334577.17,418091.67,589992.79,668770.62,362506.02,451349.94,430891.2,632130.97,351580.61,183590.07,302768.05,256051.25,NA
"1091","365",NA,NA,426395.99,NA,667876.46,416426.41,453385.91,429623.33,641686.03,342397.98,185331.97,331819.46,261190.41,NA
"2522","366",NA,NA,NA,NA,NA,NA,392771.6,NA,NA,NA,210941.92,NA,NA,NA
