2019-11-28,19.6109
2019-11-27,19.5504
2019-11-26,19.4316
2019-11-25,19.4447
2019-11-22,19.3761 
2019-11-21,19.3840 
2019-11-20,19.5044
2019-11-19,19.3440
2019-11-18,19.2473
2019-11-15,19.1790
2019-11-14,19.3217
2019-11-13,19.3564
2019-11-12,19.3169
2019-11-11,19.1129
2019-11-08,19.1010
2019-11-07,19.1337
2019-11-06,19.1451
2019-11-05,19.1891
2019-11-04,19.0875
2019-11-01,19.1240
2019-10-31,19.2332
2019-10-30,19.0875
2019-10-29,19.1178
2019-10-28,19.1194
2019-10-25,19.0627
2019-10-24,19.1357
2019-10-23,19.1160
2019-10-22,19.1475
2019-10-21,19.1270
2019-10-18,19.0997
2019-10-17,19.1977
2019-10-16,19.2010
2019-10-15,19.2406
2019-10-14,19.2715
2019-10-11,19.3206
2019-10-10,19.4495
2019-10-09,19.5706
2019-10-08,19.6261
2019-10-07,19.5751
2019-10-04,19.5147
2019-10-03,19.6539
2019-10-02,19.7946
2019-10-01,19.8247
2019-09-30,19.7344
2019-09-27,19.6882 
2019-09-26,19.6713 
2019-09-25,19.5656 
2019-09-24,19.4459 
2019-09-23,19.4803 
2019-09-20,19.4470
2019-09-19,19.4554
2019-09-18,19.3973
2019-09-17,19.3622
2019-09-16,19.4403
2019-09-13,19.3899
2019-09-12,19.4275
2019-09-11,19.5094
2019-09-10,19.4951
2019-09-09,19.5727
2019-09-06,19.5324
2019-09-05,19.7377
2019-09-04,19.9219
2019-09-03,19.8288
2019-09-02,19.6848
2019-08-30,19.7684
2019-08-29,19.8635
2019-08-28,19.6595
2019-08-27,19.6697
2019-08-26,19.6756
2019-08-25,19.3763
2019-08-24,19.6025
2019-08-23,19.9219
2019-08-22,19.8288
2019-08-21,19.6848
2019-08-20,19.7684
2019-08-19,19.8635
2019-08-16,19.6595
2019-08-15,19.6697
2019-08-14,19.6756
2019-08-13,19.3763
2019-08-12,19.6025
2019-08-09,19.4133
2019-08-08,19.4111
2019-08-07,19.6311
2019-08-06,19.5767
2019-08-05,19.6176
2019-08-02,19.3044
2019-08-01,19.2158
2019-07-31,19.1480
2019-07-30,19.0628
2019-07-29,19.0624
2019-07-26,19.0456
2019-07-25,19.0224
2019-07-24,19.0606
2019-07-23,19.1790
2019-07-22,19.0549
2019-07-19,19.0305
2019-07-18,18.9433
2019-07-17,19.0646
2019-07-16,19.0972
2019-07-15,18.9762
2019-07-12,19.1089
2019-07-11,19.0768
2019-07-10,19.1394
2019-07-09,19.1551
2019-07-08,18.9138
2019-07-05,19.0155
2019-07-04,19.0058
2019-07-03,19.0149
2019-07-02,19.0506
2019-07-01,19.0037
2019-06-28,19.2229
2019-06-27,19.1259
2019-06-26,19.2256
2019-06-25,19.2280
2019-06-24,19.2027
2019-06-21,19.1245
2019-06-20,19.0037
2019-06-19,19.0159
2019-06-18,19.1236
2019-06-17,18.1741
2019-06-14,19.1548
2019-06-13,19.1947
2019-06-12,19.1705                                  
2019-06-11,19.1316                                  
2019-06-10,19.2118                                  
2019-06-07,19.6204                                  
2019-06-06,19.6878                                  
2019-06-05,19.5828                                  
2019-06-04,19.5642 
2019-06-03,19.7609
2019-05-31,19.6426
2019-05-30,19.0683
2019-05-29,19.2395
2019-05-28,19.1652
2019-05-27,19.0521
2019-05-24,19.0658
2019-05-23,19.0122
2019-05-22,18.9755
2019-05-21,19.0309
2019-05-20,19.0908
2019-05-17,19.1454
2019-05-16,19.071
2019-05-15,19.1236
2019-05-14,19.1427
2019-05-13,19.1928
2019-05-10,19.1374
2019-05-09,19.2623
2019-05-08,19.0837
2019-05-07,19.0499
2019-05-06,18.9781
2019-05-03,19.0012
2019-05-02,19.1014
2019-04-30,19.0099
2019-04-29,19.012
2019-04-26,18.9414
2019-04-25,19.0942
2019-04-24,19.0046
2019-04-23,18.9578
2019-04-22,18.8359
2019-04-17,18.848
2019-04-16,18.9516
2019-04-15,18.8489
2019-04-12,18.7719
2019-04-11,18.8432
2019-04-10,18.836
2019-04-09,18.9229
2019-04-08,18.9701
2019-04-05,19.0805
2019-04-04,19.1728
2019-04-03,19.1805
2019-04-02,19.2279
2019-04-01,19.2169
2019-03-29,19.3779
2019-03-28,19.3793
2019-03-27,19.3201
2019-03-26,19.0989
2019-03-25,19.0151
2019-03-22,19.1369
2019-03-21,18.8694
2019-03-20,18.9098
2019-03-19,19.0004
2019-03-15,19.2176
2019-03-14,19.3233
2019-03-13,19.332
2019-03-12,19.3049
2019-03-11,19.4243
2019-03-08,19.4902
2019-03-07,19.5225
2019-03-06,19.3708
2019-03-05,19.2597
2019-03-04,19.3039
2019-03-01,19.2978
2019-02-28,19.2607
2019-02-27,19.2201
2019-02-26,19.163
2019-02-25,19.1185
2019-02-22,19.1394
2019-02-21,19.2652
2019-02-20,19.1835
2019-02-19,19.1778
2019-02-18,19.2578
2019-02-15,19.3625
2019-02-14,19.3569
2019-02-13,19.4084
2019-02-12,19.2592
2019-02-11,19.2524
2019-02-08,19.0893
2019-02-07,19.08
2019-02-06,19.1058
2019-02-05,19.0824
2019-02-01,19.1098
2019-01-31,19.0388
2019-01-30,19.1623
2019-01-29,18.9972
2019-01-28,19.0381
2019-01-25,18.928
2019-01-24,18.9859
2019-01-23,19.0771
2019-01-22,19.1297
2019-01-21,19.1902
2019-01-18,19.0844
2019-01-17,19.063
2019-01-16,18.9908
2019-01-15,19.0457
2019-01-14,19.0064
2019-01-11,19.1236
2019-01-10,19.1714
2019-01-09,19.2456
2019-01-08,19.3479
2019-01-07,19.3208
2019-01-04,19.4902
2019-01-03,19.6073
2019-01-02,19.5878
2018-12-31,19.6512
2018-12-28,19.6566
2018-12-27,19.6829
2018-12-26,19.8823
2018-12-24,19.8473
2018-12-21,19.9275
2018-12-20,19.9082
2018-12-19,20.0293
2018-12-18,20.1277
2018-12-17,20.1126
2018-12-14,20.3337
2018-12-13,20.2566
2018-12-11,20.2889
2018-12-10,20.3621
2018-12-07,20.2609
2018-12-06,20.4705
2018-12-05,20.5672
2018-12-04,20.5123
2018-12-03,20.2346
2018-11-30,20.3455
2018-11-29,20.2217
2018-11-28,20.4108
2018-11-27,20.4977
2018-11-26,20.5304
2018-11-23,20.3935
2018-11-22,20.2984
2018-11-21,20.2023
2018-11-20,20.4123
2018-11-16,20.155
2018-11-15,20.3371
2018-11-14,20.3979
2018-11-13,20.5158
2018-11-12,20.3179
2018-11-09,20.3614
2018-11-08,20.0438
2018-11-07,19.8245
2018-11-06,19.8609
2018-11-05,19.9636
2018-11-01,20.1329
2018-10-31,20.3177
2018-10-30,20.0258
2018-10-29,19.8022
2018-10-26,19.479
2018-10-25,19.4383
2018-10-24,19.4623
2018-10-23,19.4169
2018-10-22,19.3669
2018-10-19,19.2183
2018-10-18,19.1018
2018-10-17,18.8012
2018-10-16,18.7693
2018-10-15,18.8096
2018-10-12,18.9202
2018-10-11,19.0217
2018-10-10,19.1183
2018-10-09,19
2018-10-08,18.9234
2018-10-05,18.9444
2018-10-04,19.1328
2018-10-03,18.8014
2018-10-02,18.7503
2018-10-01,18.6531
2018-09-28,18.7231
2018-09-27,18.812
2018-09-26,18.8986
2018-09-25,18.987
2018-09-24,18.8516
2018-09-21,18.8539
2018-09-20,18.8296
2018-09-19,18.7672
2018-09-18,18.7694
2018-09-17,18.8399
2018-09-14,18.8689
2018-09-13,18.8775
2018-09-12,19.0511
2018-09-11,19.268
2018-09-10,19.2989
2018-09-07,19.2394
2018-09-06,19.3546
2018-09-05,19.4433
2018-09-04,19.3609
2018-09-03,19.2137
2018-08-31,19.1792
2018-08-30,19.1258
2018-08-29,19.0659
2018-08-28,18.9354
2018-08-27,18.6697
2018-08-24,18.8339
2018-08-23,18.8672
2018-08-22,18.8176
2018-08-21,18.8784
2018-08-20,19.0305
2018-08-17,19.0615
2018-08-16,19.01
2018-08-15,19.2339
2018-08-14,18.9973
2018-08-13,19.1801
2018-08-10,18.9273
2018-08-09,18.6511
2018-08-08,18.4542
2018-08-07,18.4631
2018-08-06,18.5433
2018-08-03,18.5725
2018-08-02,18.6349
2018-08-01,18.5899
2018-07-31,18.6457
2018-07-30,18.5413
2018-07-27,18.5515
2018-07-26,18.6234
2018-07-25,18.7709
2018-07-24,18.8506
2018-07-23,19.0761
2018-07-20,19.0694
2018-07-19,19.079
2018-07-18,18.91
2018-07-17,18.8763
2018-07-16,18.836
2018-07-13,18.8854
2018-07-12,18.8241
2018-07-11,18.9632
2018-07-10,19.0559
2018-07-09,19.1563
2018-07-06,19.0719
2018-07-05,19.2513
2018-07-04,19.4284
2018-07-03,19.5974
2018-07-02,20.1453
2018-06-29,19.6912
2018-06-28,19.8633
2018-06-27,20.0553
2018-06-26,19.8754
2018-06-25,20.0908
2018-06-22,20.1264
2018-06-21,20.3689
2018-06-20,20.3937
2018-06-19,20.5531
2018-06-18,20.6968
2018-06-15,20.716
2018-06-14,20.6953
2018-06-13,20.6259
2018-06-12,20.596
2018-06-11,20.4722
2018-06-08,20.5281
2018-06-07,20.46
2018-06-06,20.3129
2018-06-05,20.3863
2018-06-04,19.9934
2018-06-01,19.8662
2018-05-31,19.9759
2018-05-30,19.7322
2018-05-29,19.7499
2018-05-28,19.5915
2018-05-25,19.5608
2018-05-24,19.7048
2018-05-23,19.7661
2018-05-22,19.7528
2018-05-21,19.9054
2018-05-18,19.9319
2018-05-17,19.7033
2018-05-16,19.7094
2018-05-15,19.7854
2018-05-14,19.5214
2018-05-11,19.3539
2018-05-10,19.2989
2018-05-09,19.5387
2018-05-08,19.5781
2018-05-07,19.4232
2018-05-04,19.2017
2018-05-03,19.1223
2018-05-02,19.0943
2018-04-30,18.7878
2018-04-27,18.6847
2018-04-26,18.8644
2018-04-25,19.053
2018-04-24,18.8139
2018-04-23,18.8628
2018-04-20,18.621
2018-04-19,18.2819
2018-04-18,18.0333
2018-04-17,17.9787
2018-04-16,18.0394
2018-04-13,18.087
2018-04-12,18.1353
2018-04-11,18.2018
2018-04-10,18.2882
2018-04-09,18.2753
2018-04-06,18.2888
2018-04-05,18.1081
2018-04-04,18.2244
2018-04-03,18.2044
2018-04-02,18.2967
2018-03-28,18.2709
2018-03-27,18.3445
2018-03-26,18.3268
2018-03-23,18.5364
2018-03-22,18.5078
2018-03-21,18.6001
2018-03-20,18.7614
2018-03-16,18.7216
2018-03-15,18.7023
2018-03-14,18.5854
2018-03-13,18.5604
2018-03-12,18.6199
2018-03-09,18.5812
2018-03-08,18.7148
2018-03-07,18.7922
2018-03-06,18.7246
2018-03-05,18.8838
2018-03-02,18.8909
2018-03-01,18.861
2018-02-28,18.8331
2018-02-27,18.7902
2018-02-26,18.6456
2018-02-23,18.5659
2018-02-22,18.6574
2018-02-21,18.6518
2018-02-20,18.6594
2018-02-19,18.536
2018-02-16,18.4797
2018-02-15,18.5159
2018-02-14,18.6025
2018-02-13,18.6269
2018-02-12,18.6703
2018-02-09,18.8623
2018-02-08,18.8815
2018-02-07,18.6492
2018-02-06,18.7009
2018-02-02,18.5248
2018-02-01,18.4004
2018-01-31,18.6069
2018-01-30,18.6982
2018-01-29,18.6196
2018-01-26,18.4672
2018-01-25,18.478
2018-01-24,18.5178
2018-01-23,18.798
2018-01-22,18.7118
2018-01-19,18.5813
2018-01-18,18.6361
2018-01-17,18.655
2018-01-16,18.8362
2018-01-15,18.8113
2018-01-12,19.0446
2018-01-11,19.3433
2018-01-10,19.2405
2018-01-09,19.3065
2018-01-08,19.2323
2018-01-05,19.2737
2018-01-04,19.2427
2018-01-03,19.3717
2018-01-02,19.4899
2017-12-29,19.6629
2017-12-28,19.7354
2017-12-27,19.7867
2017-12-26,19.7223
2017-12-22,19.5848
2017-12-21,19.3962
2017-12-20,19.2291
2017-12-19,19.1913
2017-12-18,19.0289
2017-12-15,19.1289
2017-12-14,19.1202
2017-12-13,19.1391
2017-12-11,18.974
2017-12-08,18.9445
2017-12-07,18.9315
2017-12-06,18.8897
2017-12-05,18.6958
2017-12-04,18.642
2017-12-01,18.6399
2017-11-30,18.6229
2017-11-29,18.519
2017-11-28,18.5848
2017-11-27,18.52
2017-11-24,18.5379
2017-11-23,18.6041
2017-11-22,18.74
2017-11-21,18.8242
2017-11-17,18.9724
2017-11-16,19.1224
2017-11-15,19.2268
2017-11-14,19.1334
2017-11-13,19.168
2017-11-10,19.0526
2017-11-09,19.09
2017-11-08,19.0718
2017-11-07,19.1349
2017-11-06,19.0814
2017-11-03,19.185
2017-11-01,19.1241
2017-10-31,19.1478
2017-10-30,19.2188
2017-10-27,19.1474
2017-10-26,19.096
2017-10-25,19.077
2017-10-24,19.2009
2017-10-23,19.0489
2017-10-20,19.008
2017-10-19,18.8248
2017-10-18,18.8869
2017-10-17,19.0117
2017-10-16,19.0753
2017-10-13,18.9008
2017-10-12,18.7631
2017-10-11,18.718
2017-10-10,18.6327
2017-10-09,18.6646
2017-10-06,18.5522
2017-10-05,18.306
2017-10-04,18.2282
2017-10-03,18.2113
2017-10-02,18.2337
2017-09-29,18.159
2017-09-28,18.1979
2017-09-27,18.13
2017-09-26,17.9933
2017-09-25,17.8831
2017-09-22,17.7487
2017-09-21,17.8545
2017-09-20,17.7009
2017-09-19,17.7643
2017-09-18,17.761
2017-09-15,17.6857
2017-09-14,17.7278
2017-09-13,17.7836
2017-09-12,17.781
2017-09-11,17.6443
2017-09-08,17.7331
2017-09-07,17.6965
2017-09-06,17.8136
2017-09-05,17.836
2017-09-04,17.8683
2017-09-01,17.7861
2017-08-31,17.8145
2017-08-30,17.7753
2017-08-29,17.876
2017-08-28,17.8049
2017-08-25,17.6205
2017-08-24,17.6977
2017-08-23,17.7113
2017-08-22,17.6458
2017-08-21,17.6501
2017-08-18,17.8584
2017-08-17,17.7324
2017-08-16,17.716
2017-08-15,17.8483
2017-08-14,17.7755
2017-08-11,17.847
2017-08-10,17.9073
2017-08-09,17.9671
2017-08-08,17.916
2017-08-07,17.9641
2017-08-04,17.8798
2017-08-03,17.8733
2017-08-02,17.8696
2017-08-01,17.8108
2017-07-31,17.8646
2017-07-28,17.7435
2017-07-27,17.6886
2017-07-26,17.7561
2017-07-25,17.7492
2017-07-24,17.6893
2017-07-21,17.5618
2017-07-20,17.526
2017-07-19,17.4937
2017-07-18,17.5134
2017-07-17,17.5836
2017-07-14,17.5613
2017-07-13,17.7422
2017-07-12,17.7708
2017-07-11,17.9482
2017-07-10,17.9751
2017-07-07,18.1394
2017-07-06,18.3227
2017-07-05,18.3556
2017-07-04,18.2036
2017-07-03,18.2064
2017-06-30,18.0626
2017-06-29,18.0279
2017-06-28,17.8973
2017-06-27,17.9862
2017-06-26,17.8775
2017-06-23,17.99
2017-06-22,18.127
2017-06-21,18.157
2017-06-20,18.1167
2017-06-19,17.9519
2017-06-16,17.9321
2017-06-15,18.1154
2017-06-14,17.9343
2017-06-13,18.0725
2017-06-12,18.1802
2017-06-09,18.1939
2017-06-08,18.1946
2017-06-07,18.2278
2017-06-06,18.2762
2017-06-05,18.3819
2017-06-02,18.6204
2017-06-01,18.5941
2017-05-31,18.6909
2017-05-30,18.6643
2017-05-29,18.5121
2017-05-26,18.4849
2017-05-25,18.4185
2017-05-24,18.5689
2017-05-23,18.615
2017-05-22,18.6633
2017-05-19,18.6859
2017-05-18,18.8898
2017-05-17,18.6761
2017-05-16,18.6183
2017-05-15,18.67
2017-05-12,18.7594
2017-05-11,18.9039
2017-05-10,18.9587
2017-05-09,19.1364
2017-05-08,19.1164
2017-05-05,19.0137
2017-05-04,19.0019
2017-05-03,18.8031
2017-05-02,18.7731
2017-04-28,18.9594
2017-04-27,19.067
2017-04-26,19.1119
2017-04-25,18.9225
2017-04-24,18.6521
2017-04-21,18.8413
2017-04-20,18.8187
2017-04-19,18.8374
2017-04-18,18.4863
2017-04-17,18.5582
2017-04-12,18.7528
2017-04-11,18.7646
2017-04-10,18.6923
2017-04-07,18.656
2017-04-06,18.7696
2017-04-05,18.7192
2017-04-04,18.8334
2017-04-03,18.732
2017-03-31,18.7955
2017-03-30,18.7079
2017-03-29,18.8092
2017-03-28,18.8853
2017-03-27,18.8661
2017-03-24,18.8528
2017-03-23,18.9877
2017-03-22,19.0837
2017-03-21,19.107
2017-03-17,19.117
2017-03-16,19.173
2017-03-15,19.4493
2017-03-14,19.6543
2017-03-13,19.5803
2017-03-10,19.6279
2017-03-09,19.7974
2017-03-08,19.6007
2017-03-07,19.521
2017-03-06,19.5538
2017-03-03,19.6147
2017-03-02,19.9373
2017-03-01,19.9007
2017-02-28,19.9957
2017-02-27,19.8322
2017-02-24,19.8335
2017-02-23,19.7011
2017-02-22,19.9127
2017-02-21,20.4489
2017-02-20,20.4059
2017-02-17,20.4526
2017-02-16,20.3325
2017-02-15,20.3254
2017-02-14,20.3507
2017-02-13,20.328
2017-02-10,20.3535
2017-02-09,20.4163
2017-02-08,20.4994
2017-02-07,20.637
2017-02-03,20.3439
2017-02-02,20.5757
2017-02-01,20.7752
2017-01-31,20.7908
2017-01-30,20.7588
2017-01-27,21.0212
2017-01-26,21.2024
2017-01-25,21.3439
2017-01-24,21.3692
2017-01-23,21.4512
2017-01-20,21.7002
2017-01-19,21.9044
2017-01-18,21.8514
2017-01-17,21.5738
2017-01-16,21.6643
2017-01-13,21.633
2017-01-12,21.7204
2017-01-11,21.9076
2017-01-10,21.6168
2017-01-09,21.3219
2017-01-06,21.3144
2017-01-05,21.3661
2017-01-04,21.3799
2017-01-03,20.852
2017-01-02,20.7323
2016-12-30,20.6194
2016-12-29,20.664
2016-12-28,20.7314
2016-12-27,20.7052
2016-12-26,20.6445
2016-12-23,20.6271
2016-12-22,20.7179
2016-12-21,20.4921
2016-12-20,20.43
2016-12-19,20.4098
2016-12-16,20.428
2016-12-15,20.5973
2016-12-14,20.2226
2016-12-13,20.2567
2016-12-09,20.3305
2016-12-08,20.4162
2016-12-07,20.2967
2016-12-06,20.3863
2016-12-05,20.5927
2016-12-02,20.6149
2016-12-01,20.7488
2016-11-30,20.5155
2016-11-29,20.6225
2016-11-28,20.5521
2016-11-25,20.6475
2016-11-24,20.7051
2016-11-23,20.6901
2016-11-22,20.5205
2016-11-18,20.4193
2016-11-17,20.1898
2016-11-16,20.2884
2016-11-15,20.349
2016-11-14,20.8729
2016-11-11,21.0511
2016-11-10,20.4812
2016-11-09,19.925
2016-11-08,18.5089
2016-11-07,18.6192
2016-11-04,19.0792
2016-11-03,19.2014
2016-11-01,19.1306
2016-10-31,18.8887
2016-10-28,18.7304
2016-10-27,18.8443
2016-10-26,18.6485
2016-10-25,18.5147
2016-10-24,18.5658
2016-10-21,18.6481
2016-10-20,18.5945
2016-10-19,18.5894
2016-10-18,18.6726
2016-10-17,18.8723
2016-10-14,19.0046
2016-10-13,19.0399
2016-10-12,18.9622
2016-10-11,18.9531
2016-10-10,18.8786
2016-10-07,19.2994
2016-10-06,19.2433
2016-10-05,19.2554
2016-10-04,19.2138
2016-10-03,19.3211
2016-09-30,19.3776
2016-09-29,19.4086
2016-09-28,19.5002
2016-09-27,19.5044
2016-09-26,19.8322
2016-09-23,19.7211
2016-09-22,19.5965
2016-09-21,19.8394
2016-09-20,19.777
2016-09-19,19.6097
2016-09-15,19.2514
2016-09-14,19.2275
2016-09-13,19.152
2016-09-12,19.0646
2016-09-09,18.8451
2016-09-08,18.5427
2016-09-07,18.3689
2016-09-06,18.3524
2016-09-05,18.5581
2016-09-02,18.6589
2016-09-01,18.8523
2016-08-31,18.8611
2016-08-30,18.7953
2016-08-29,18.5773
2016-08-26,18.283
2016-08-25,18.446
2016-08-24,18.4971
2016-08-23,18.3202
2016-08-22,18.3023
2016-08-19,18.2674
2016-08-18,18.0832
2016-08-17,18.2598
2016-08-16,17.9869
2016-08-15,18.0363
2016-08-12,18.2455
2016-08-11,18.2678
2016-08-10,18.3479
2016-08-09,18.3842
2016-08-08,18.5716
2016-08-05,18.8691
2016-08-04,18.8612
2016-08-03,18.9117
2016-08-02,18.8966
2016-08-01,18.8504
2016-07-29,18.7837
2016-07-28,18.8979
2016-07-27,18.8602
2016-07-26,18.8114
2016-07-25,18.7569
2016-07-22,18.6089
2016-07-21,18.6022
2016-07-20,18.5729
2016-07-19,18.5719
2016-07-18,18.4879
2016-07-15,18.492
2016-07-14,18.3061
2016-07-13,18.3937
2016-07-12,18.3006
2016-07-11,18.4597
2016-07-08,18.5991
2016-07-07,18.8607
2016-07-06,18.8161
2016-07-05,18.7536
2016-07-04,18.3858
2016-07-01,18.309
2016-06-30,18.4646
2016-06-29,18.555
2016-06-28,18.9113
2016-06-27,19.1283
2016-06-24,18.8716
2016-06-23,18.3207
2016-06-22,18.5325
2016-06-21,18.6444
2016-06-20,18.6559
2016-06-17,18.8527
2016-06-16,18.9968
2016-06-15,18.8672
2016-06-14,18.9814
2016-06-13,18.7915
2016-06-10,18.5046
2016-06-09,18.2742
2016-06-08,18.1491
2016-06-07,18.5067
2016-06-06,18.5889
2016-06-03,18.6283
2016-06-02,18.6097
2016-06-01,18.5299
2016-05-31,18.4118
2016-05-30,18.4777
2016-05-27,18.4527
2016-05-26,18.4572
2016-05-25,18.452
2016-05-24,18.4694
2016-05-23,18.4444
2016-05-20,18.3826
2016-05-19,18.5465
2016-05-18,18.3761
2016-05-17,18.3217
2016-05-16,18.1795
2016-05-13,18.1562
2016-05-12,17.9915
2016-05-11,17.9549
2016-05-10,18.0205
2016-05-09,18.1033
2016-05-06,17.9204
2016-05-05,17.7866
2016-05-04,17.7358
2016-05-03,17.5234
2016-05-02,17.2279
2016-04-29,17.1767
2016-04-28,17.2125
2016-04-27,17.3993
2016-04-26,17.4298
2016-04-25,17.5866
2016-04-22,17.4359
2016-04-21,17.4202
2016-04-20,17.3078
2016-04-19,17.2825
2016-04-18,17.4598
2016-04-15,17.5669
2016-04-14,17.388
2016-04-13,17.49
2016-04-12,17.5719
2016-04-11,17.6452
2016-04-08,17.7391
2016-04-07,17.893
2016-04-06,17.7286
2016-04-05,17.7252
2016-04-04,17.4484
2016-04-01,17.3338
2016-03-31,17.237
2016-03-30,17.2509
2016-03-29,17.4015
2016-03-28,17.461
2016-03-23,17.5273
2016-03-22,17.3361
2016-03-18,17.2995
2016-03-17,17.4034
2016-03-16,17.9308
2016-03-15,17.926
2016-03-14,17.7691
2016-03-11,17.7002
2016-03-10,17.8601
2016-03-09,17.7523
2016-03-08,17.9044
2016-03-07,17.7526
2016-03-04,17.7723
2016-03-03,17.8971
2016-03-02,17.8561
2016-03-01,17.9432
2016-02-29,18.102
2016-02-26,18.1706
2016-02-25,18.168
2016-02-24,18.2893
2016-02-23,18.1948
2016-02-22,18.0568
2016-02-19,18.2762
2016-02-18,18.1439
2016-02-17,18.3895
2016-02-16,18.8148
2016-02-15,18.8471
2016-02-12,19.0392
2016-02-11,19.1754
2016-02-10,18.8089
2016-02-09,18.7818
2016-02-08,18.6959
2016-02-05,18.3748
2016-02-04,18.1891
2016-02-03,18.4537
2016-02-02,18.4902
2016-01-29,18.1935
2016-01-28,18.2906
2016-01-27,18.453
2016-01-26,18.4715
2016-01-25,18.5352
2016-01-22,18.428
2016-01-21,18.5084
2016-01-20,18.608
2016-01-19,18.1947
2016-01-18,18.2327
2016-01-15,18.2108
2016-01-14,17.9121
2016-01-13,17.85
2016-01-12,17.9119
2016-01-11,17.9304
2016-01-08,17.9283
2016-01-07,17.6568
2016-01-06,17.4411
2016-01-05,17.3456
2016-01-04,17.3529
2015-12-31,17.2487
2015-12-30,17.3398
2015-12-29,17.2065
2015-12-28,17.271
2015-12-24,17.276
2015-12-23,17.1953
2015-12-22,17.1847
2015-12-21,17.1034
2015-12-18,17.0139
2015-12-17,17.1
2015-12-16,17.136
2015-12-15,17.1529
2015-12-14,17.3776
2015-12-11,17.3592
2015-12-10,17.075
2015-12-09,17.016
2015-12-08,17.0164
2015-12-07,16.9044
2015-12-04,16.6757
2015-12-03,16.7095
2015-12-02,16.5933
2015-12-01,16.5104
2015-11-30,16.5856
2015-11-27,16.5784
2015-11-26,16.5492
2015-11-25,16.5548
2015-11-24,16.4705
2015-11-23,16.5306
2015-11-20,16.512
2015-11-19,16.5748
2015-11-18,16.7636
2015-11-17,16.757
2015-11-13,16.7395
2015-11-12,16.7406
2015-11-11,16.7173
2015-11-10,16.7658
2015-11-09,16.87
2015-11-06,16.8382
2015-11-05,16.5959
2015-11-04,16.5147
2015-11-03,16.4196
2015-10-30,16.5244
2015-10-29,16.6219
2015-10-28,16.4503
2015-10-27,16.5545
2015-10-26,16.4998
2015-10-23,16.5138
2015-10-22,16.5284
2015-10-21,16.66
2015-10-20,16.5618
2015-10-19,16.4899
2015-10-16,16.3959
2015-10-15,16.425
2015-10-14,16.5804
2015-10-13,16.5848
2015-10-12,16.4219
2015-10-09,16.418
2015-10-08,16.5464
2015-10-07,16.5762
2015-10-06,16.6878
2015-10-05,16.6941
2015-10-02,16.8162
2015-10-01,16.8566
2015-09-30,16.9053
2015-09-29,17.0771
2015-09-28,17.0073
2015-09-25,16.9595
2015-09-24,17.1149
2015-09-23,17.0453
2015-09-22,16.8713
2015-09-21,16.6865
2015-09-18,16.539
2015-09-17,16.568
2015-09-15,16.7716
2015-09-14,16.8168
2015-09-11,16.8261
2015-09-10,16.8103
2015-09-09,16.7773
2015-09-08,16.7979
2015-09-07,16.988
2015-09-04,16.8454
2015-09-03,16.7918
2015-09-02,16.9444
2015-09-01,16.8692
2015-08-31,16.7829
2015-08-28,16.7684
2015-08-27,16.8863
2015-08-26,17.1065
2015-08-25,16.9859
2015-08-24,17.0975
2015-08-21,16.9171
2015-08-20,16.7182
2015-08-19,16.4908
2015-08-18,16.4317
2015-08-17,16.3993
2015-08-14,16.3658
2015-08-13,16.3541
2015-08-12,16.2976
2015-08-11,16.3241
2015-08-10,16.1652
2015-08-07,16.1645
2015-08-06,16.3533
2015-08-05,16.3762
2015-08-04,16.1736
2015-08-03,16.1129
2015-07-31,16.0772
2015-07-30,16.4512
2015-07-29,16.214
2015-07-28,16.2638
2015-07-27,16.2681
2015-07-24,16.2364
2015-07-23,16.0988
2015-07-22,16.095
2015-07-21,15.9728
2015-07-20,15.9856
2015-07-17,15.9121
2015-07-16,15.8014
2015-07-15,15.747
2015-07-14,15.6728
2015-07-13,15.7404
2015-07-10,15.7329
2015-07-09,15.7856
2015-07-08,15.8174
2015-07-07,15.8281
2015-07-06,15.753
2015-07-03,15.6918
2015-07-02,15.6821
2015-07-01,15.7829
2015-06-30,15.6854
2015-06-29,15.6599
2015-06-26,15.5676
2015-06-25,15.4816
2015-06-24,15.4555
2015-06-23,15.4088
2015-06-22,15.3072
2015-06-19,15.3274
2015-06-18,15.2828
2015-06-17,15.4199
2015-06-16,15.4192
2015-06-15,15.4327
2015-06-12,15.4129
2015-06-11,15.4409
2015-06-10,15.4779
2015-06-09,15.5645
2015-06-08,15.6715
2015-06-05,15.6958
2015-06-04,15.5347
2015-06-03,15.4833
2015-06-02,15.4128
2015-06-01,15.4845
2015-05-29,15.3815
2015-05-28,15.3737
2015-05-27,15.3581
2015-05-26,15.3235
2015-05-25,15.2635
2015-05-22,15.2918
2015-05-21,15.2326
2015-05-20,15.212
2015-05-19,15.2008
2015-05-18,15.12
2015-05-15,15.0225
2015-05-14,15.1235
2015-05-13,15.2213
2015-05-12,15.3211
2015-05-11,15.2624
2015-05-08,15.1424
2015-05-07,15.3397
2015-05-06,15.2825
2015-05-05,15.3225
2015-05-04,15.494
2015-04-30,15.3714
2015-04-29,15.2043
2015-04-28,15.2225
2015-04-27,15.3213
2015-04-24,15.3834
2015-04-23,15.3539
2015-04-22,15.4518
2015-04-21,15.3837
2015-04-20,15.3973
2015-04-17,15.3128
2015-04-16,15.2455
2015-04-15,15.3891
2015-04-14,15.2339
2015-04-13,15.2947
2015-04-10,15.1706
2015-04-09,15.0554
2015-04-08,14.9072
2015-04-07,14.9039
2015-04-06,14.8003
2015-04-01,15.1206
2015-03-31,15.2647
2015-03-30,15.2427
2015-03-27,15.1542
2015-03-26,15.1056
2015-03-25,14.9524
2015-03-24,14.9347
2015-03-23,14.9644
2015-03-20,15.0317
2015-03-19,15.296
2015-03-18,15.4192
2015-03-17,15.4271
2015-03-13,15.4892
2015-03-12,15.4003
2015-03-11,15.4455
2015-03-10,15.5837
2015-03-09,15.4544
2015-03-06,15.4445
2015-03-05,15.1686
2015-03-04,15.0756
2015-03-03,14.9544
2015-03-02,14.9862
2015-02-27,14.9553
2015-02-26,14.9624
2015-02-25,14.9228
2015-02-24,14.9712
2015-02-23,15.0832
2015-02-20,15.0757
2015-02-19,14.9583
2015-02-18,14.9473
2015-02-17,14.8971
2015-02-16,14.8979
2015-02-13,14.8605
2015-02-12,14.9167
2015-02-11,15.1099
2015-02-10,14.9309
2015-02-09,14.8014
2015-02-06,14.9024
2015-02-05,14.7548
2015-02-04,14.8011
2015-02-03,14.7566
2015-01-30,14.9885
2015-01-29,14.8414
2015-01-28,14.6878
2015-01-27,14.5872
2015-01-26,14.5887
2015-01-23,14.6499
2015-01-22,14.612
2015-01-21,14.6983
2015-01-20,14.6484
2015-01-19,14.6524
2015-01-16,14.6223
2015-01-15,14.5821
2015-01-14,14.5644
2015-01-13,14.5559
2015-01-12,14.6398
2015-01-09,14.5804
2015-01-08,14.6274
2015-01-07,14.7936
2015-01-06,14.8479
2015-01-05,14.9469
2015-01-02,14.829
2014-12-31,14.7414
2014-12-30,14.7348
2014-12-29,14.718
2014-12-26,14.6955
2014-12-24,14.7429
2014-12-23,14.7008
2014-12-22,14.6359
2014-12-19,14.6378
2014-12-18,14.5562
2014-12-17,14.6028
2014-12-16,14.7499
2014-12-15,14.7853
2014-12-11,14.6648
2014-12-10,14.5181
2014-12-09,14.3674
2014-12-08,14.4042
2014-12-05,14.3045
2014-12-04,14.1165
2014-12-03,14.0918
2014-12-02,14.076
2014-12-01,13.9262
2014-11-28,13.8965
2014-11-27,13.7667
2014-11-26,13.7219
2014-11-25,13.642
2014-11-24,13.6374
2014-11-21,13.6152
2014-11-20,13.6115
2014-11-19,13.6146
2014-11-18,13.5445
2014-11-14,13.5348
2014-11-13,13.5995
2014-11-12,13.5613
2014-11-11,13.5874
2014-11-10,13.5528
2014-11-07,13.5573
2014-11-06,13.6173
2014-11-05,13.607
2014-11-04,13.5925
2014-11-03,13.5503
2014-10-31,13.4773
2014-10-30,13.4316
2014-10-29,13.4239
2014-10-28,13.4843
2014-10-27,13.5701
2014-10-24,13.5263
2014-10-23,13.5288
2014-10-22,13.5559
2014-10-21,13.4989
2014-10-20,13.5357
2014-10-17,13.5231
2014-10-16,13.5616
2014-10-15,13.5423
2014-10-14,13.4094
2014-10-13,13.4203
2014-10-10,13.4331
2014-10-09,13.3789
2014-10-08,13.4786
2014-10-07,13.4332
2014-10-06,13.4089
2014-10-03,13.4835
2014-10-02,13.4026
2014-10-01,13.4455
2014-09-30,13.433
2014-09-29,13.4891
2014-09-26,13.4541
2014-09-25,13.3848
2014-09-24,13.3015
2014-09-23,13.2768
2014-09-22,13.2566
2014-09-19,13.2369
2014-09-18,13.2402
2014-09-17,13.1762
2014-09-15,13.2223
2014-09-12,13.2644
2014-09-11,13.2144
2014-09-10,13.2144
2014-09-09,13.2162
2014-09-08,13.0813
2014-09-05,13.0788
2014-09-04,13.0959
2014-09-03,13.0892
2014-09-02,13.1299
2014-09-01,13.0833
2014-08-29,13.0763
2014-08-28,13.1109
2014-08-27,13.0811
2014-08-26,13.1059
2014-08-25,13.1383
2014-08-22,13.1328
2014-08-21,13.0963
2014-08-20,13.0814
2014-08-19,13.0532
2014-08-18,13.0505
2014-08-15,13.0748
2014-08-14,13.0717
2014-08-13,13.1113
2014-08-12,13.159
2014-08-11,13.1998
2014-08-08,13.236
2014-08-07,13.2551
2014-08-06,13.258
2014-08-05,13.2716
2014-08-04,13.1962
2014-08-01,13.1932
2014-07-31,13.2269
2014-07-30,13.1357
2014-07-29,13.0578
2014-07-28,12.9878
2014-07-25,12.9445
2014-07-24,12.9572
2014-07-23,12.9286
2014-07-22,12.9393
2014-07-21,12.9751
2014-07-18,12.9588
2014-07-17,12.9454
2014-07-16,12.939
2014-07-15,12.9611
2014-07-14,12.9755
2014-07-11,12.985
2014-07-10,13.0015
2014-07-09,12.978
2014-07-08,13.0006
2014-07-07,12.9949
2014-07-04,12.9768
2014-07-03,12.9829
2014-07-02,12.9673
2014-07-01,12.9605
2014-06-30,12.9712
2014-06-27,13.0002
2014-06-26,13.0323
2014-06-25,13.0174
2014-06-24,13.0218
2014-06-23,13.0056
2014-06-20,13.0124
2014-06-19,12.9885
2014-06-18,13.0672
2014-06-17,13.1007
2014-06-16,13.0323
2014-06-13,13.0164
2014-06-12,12.9815
2014-06-11,13.0306
2014-06-10,13.0486
2014-06-09,12.9912
2014-06-06,12.8981
2014-06-05,12.8868
2014-06-04,12.9527
2014-06-03,12.9447
2014-06-02,12.9108
2014-05-30,12.8609
2014-05-29,12.8462
2014-05-28,12.866
2014-05-27,12.8772
2014-05-26,12.8616
2014-05-23,12.8656
2014-05-22,12.8801
2014-05-21,12.9132
2014-05-20,12.9425
2014-05-19,12.8944
2014-05-16,12.9193
2014-05-15,12.9755
2014-05-14,12.8993
2014-05-13,12.9234
2014-05-12,12.9534
2014-05-09,12.9843
2014-05-08,12.9477
2014-05-07,12.9876
2014-05-06,13.0129
2014-05-05,13.0102
2014-05-02,12.9981
2014-04-30,13.0901
2014-04-29,13.1039
2014-04-28,13.1356
2014-04-25,13.1371
2014-04-24,13.101
2014-04-23,13.0908
2014-04-22,13.0448
2014-04-21,13.0413
2014-04-16,13.0603
2014-04-15,13.0986
2014-04-14,13.0493
2014-04-11,13.0788
2014-04-10,13.0453
2014-04-09,13.0604
2014-04-08,12.9642
2014-04-07,13.0179
2014-04-04,13.0345
2014-04-03,13.1324
2014-04-02,13.0991
2014-04-01,13.0313
2014-03-31,13.0549
2014-03-28,13.0841
2014-03-27,13.0837
2014-03-26,13.1273
2014-03-25,13.1349
2014-03-24,13.2019
2014-03-21,13.22
2014-03-20,13.2703
2014-03-19,13.1695
2014-03-18,13.1675
2014-03-14,13.234
2014-03-13,13.2456
2014-03-12,13.2659
2014-03-11,13.243
2014-03-10,13.2248
2014-03-07,13.1795
2014-03-06,13.1476
2014-03-05,13.2519
2014-03-04,13.2752
2014-03-03,13.3201
2014-02-28,13.2379
2014-02-27,13.3066
2014-02-26,13.2992
2014-02-25,13.2248
2014-02-24,13.209
2014-02-21,13.2704
2014-02-20,13.2913
2014-02-19,13.2714
2014-02-18,13.2261
2014-02-17,13.1949
2014-02-14,13.2477
2014-02-13,13.332
2014-02-12,13.3056
2014-02-11,13.2916
2014-02-10,13.3134
2014-02-07,13.3285
2014-02-06,13.2211
2014-02-05,13.3705
2014-02-04,13.3928
2014-01-31,13.3769
2014-01-30,13.3207
2014-01-29,13.3671
2014-01-28,13.3104
2014-01-27,13.4408
2014-01-24,13.493
2014-01-23,13.3722
2014-01-22,13.3194
2014-01-21,13.2984
2014-01-20,13.242
2014-01-17,13.2737
2014-01-16,13.2907
2014-01-15,13.1689
2014-01-14,13.0956
2014-01-13,12.9889
2014-01-10,13.0065
2014-01-09,13.1403
2014-01-08,13.0846
2014-01-07,13.0337
2014-01-06,13.0905
2014-01-03,13.0911
2014-01-02,13.1011
