2019-08-22,65.784
2019-08-21,66.906
2019-08-20,66.500
2019-08-19,66.906
2019-08-19,66.880
2019-08-16,66.512 
2019-08-15,66.078
2019-08-14,66.071
2019-08-13,64.935
2019-08-12,65.448
2019-08-09,65.260
2019-08-08,65.201 
2019-08-07,65.337 
2019-08-06,65.330 
2019-08-05,65.478 
2019-08-04,64.975 
2019-08-03,64.975 
2019-08-02,65.424
2019-08-01,63.660
2019-07-31,63.660
2019-07-30,63.511
2019-07-29,63.414
2019-07-28,63.177
2019-07-26,63.097
2019-07-25,63.196
2019-07-24,63.258
2019-07-23,63.193
2019-07-22,63.107
2019-07-18,63.027
2019-07-17,62.893
2019-07-16,63.013
2019-07-15,62.653
2019-07-12,63.093
2019-07-11,62.806
2019-07-10,63.153
2019-07-09,63.814
2019-07-08,63.680
2019-07-07,63.810
2019-07-06,63.810
2019-07-05,63.810
2019-07-04,63.473
2019-07-03,63.293
2019-07-02,63.308
2019-07-01,62.879
2019-06-30,63.225
2019-06-29,63.225
2019-06-28,63.225
2019-06-27,63.064
2019-06-26,63.009
2019-06-25,62.886
2019-06-24,62.558
2019-06-23,63.046
2019-06-22,63.046
2019-06-21,63.046
2019-06-20,62.885
2019-06-19,63.768
2019-06-18,64.025
2019-06-17,64.339
2019-06-16,64.363
2019-06-15,64.382
2019-06-14,64.382
2019-06-13,64.566
2019-06-12,64.818
2019-06-11,64.559
2019-06-10,64.725
2019-06-09,64.921
2019-06-08,64.786
2019-06-07,64.786
2019-06-06,65.104
2019-06-05,65.317
2019-06-04,65.155
2019-06-03,65.347
2019-06-02,65.535
2019-06-01,65.476
2019-05-31,65.476
2019-05-30,65.198
2019-05-29,64.945
2019-05-28,64.662
2019-05-27,64.354
2019-05-26,64.457
2019-05-25,64.45
2019-05-24,64.45
2019-05-23,64.864
2019-05-22,64.373
2019-05-21,64.359
2019-05-20,64.495
2019-05-19,64.728
2019-05-18,64.755
2019-05-17,64.755
2019-05-16,64.654
2019-05-15,64.691
2019-05-14,64.893
2019-05-13,65.396
2019-05-12,65.132
2019-05-11,65.117
2019-05-10,65.117
2019-05-09,65.251
2019-05-08,65.064
2019-05-07,65.401
2019-05-06,65.318
2019-05-05,65.356
2019-05-04,65.061
2019-05-03,65.061
2019-05-02,65.407
2019-05-01,64.776
2019-04-30,64.639
2019-04-29,64.505
2019-04-28,64.702
2019-04-27,64.8
2019-04-26,64.801
2019-04-25,64.648
2019-04-24,64.375
2019-04-23,63.707
2019-04-22,63.822
2019-04-21,64.035
2019-04-20,64.012
2019-04-19,64.012
2019-04-18,63.883
2019-04-17,63.869
2019-04-16,64.069
2019-04-15,64.346
2019-04-14,64.423
2019-04-13,64.329
2019-04-12,64.329
2019-04-11,64.6
2019-04-10,64.268
2019-04-09,64.874
2019-04-08,64.913
2019-04-07,65.355
2019-04-06,65.231
2019-04-05,65.231
2019-04-04,65.451
2019-04-03,65.238
2019-04-02,65.329
2019-04-01,65.236
2019-03-31,65.626
2019-03-30,65.579
2019-03-29,65.578
2019-03-28,64.932
2019-03-27,64.848
2019-03-26,64.368
2019-03-25,64.007
2019-03-24,64.531
2019-03-23,64.65
2019-03-22,64.649
2019-03-21,63.826
2019-03-20,63.843
2019-03-19,64.365
2019-03-18,64.367
2019-03-17,64.827
2019-03-16,64.799
2019-03-15,64.799
2019-03-14,65.478
2019-03-13,65.373
2019-03-12,65.616
2019-03-11,65.864
2019-03-10,66.379
2019-03-09,66.337
2019-03-08,66.338
2019-03-07,66.269
2019-03-06,65.974
2019-03-05,65.823
2019-03-04,65.723
2019-03-03,65.849
2019-03-02,65.929
2019-03-01,65.928
2019-02-28,65.858
2019-02-27,65.76
2019-02-26,65.682
2019-02-25,65.579
2019-02-24,65.446
2019-02-23,65.371
2019-02-22,65.374
2019-02-21,65.624
2019-02-20,65.639
2019-02-19,65.811
2019-02-18,66.232
2019-02-17,66.192
2019-02-16,66.287
2019-02-15,66.288
2019-02-14,66.659
2019-02-13,66.482
2019-02-12,65.871
2019-02-11,65.808
2019-02-10,65.485
2019-02-09,65.458
2019-02-08,65.458
2019-02-07,65.969
2019-02-06,65.738
2019-02-05,65.612
2019-02-04,65.569
2019-02-03,65.499
2019-02-02,65.454
2019-02-01,65.454
2019-01-31,65.4
2019-01-30,65.454
2019-01-29,66.061
2019-01-28,66.246
2019-01-27,65.78
2019-01-26,65.984
2019-01-25,65.986
2019-01-24,65.732
2019-01-23,66.089
2019-01-22,66.51
2019-01-21,66.396
2019-01-20,66.24
2019-01-19,66.173
2019-01-18,66.173
2019-01-17,66.374
2019-01-16,66.352
2019-01-15,67.049
2019-01-14,67.02
2019-01-13,66.863
2019-01-12,66.894
2019-01-11,66.895
2019-01-10,66.896
2019-01-09,66.705
2019-01-08,66.89
2019-01-07,66.758
2019-01-06,67.822
2019-01-05,67.183
2019-01-04,67.182
2019-01-03,68.898
2019-01-02,69.061
2019-01-01,69.176
2018-12-31,69.2062
2018-12-30,69.5234
2018-12-29,69.5009
2018-12-28,69.5009
2018-12-27,69.591
2018-12-26,68.7911
2018-12-25,68.7465
2018-12-24,68.6487
2018-12-23,68.7537
2018-12-22,68.8903
2018-12-21,68.89
2018-12-20,68.2993
2018-12-19,67.4527
2018-12-18,67.4666
2018-12-17,66.654
2018-12-16,66.681
2018-12-15,66.8249
2018-12-14,66.8249
2018-12-13,66.3483
2018-12-12,66.4137
2018-12-11,66.4127
2018-12-10,66.6824
2018-12-09,66.4347
2018-12-08,66.4191
2018-12-07,66.4191
2018-12-06,66.7492
2018-12-05,66.5218
2018-12-04,66.8281
2018-12-03,66.5852
2018-12-02,66.7415
2018-12-01,67.0545
2018-11-30,67.0572
2018-11-29,66.1927
2018-11-28,66.9516
2018-11-27,67.0573
2018-11-26,67.1477
2018-11-25,66.5587
2018-11-24,66.2125
2018-11-23,66.2126
2018-11-22,65.6014
2018-11-21,65.6972
2018-11-20,66.0928
2018-11-19,65.5917
2018-11-18,66.021
2018-11-17,65.9831
2018-11-16,65.9831
2018-11-15,65.8962
2018-11-14,67.1006
2018-11-13,67.9724
2018-11-12,67.8571
2018-11-11,67.8918
2018-11-10,67.9212
2018-11-09,67.92
2018-11-08,66.9001
2018-11-07,66.1885
2018-11-06,66.0585
2018-11-05,66.0613
2018-11-04,66.0966
2018-11-03,66.1583
2018-11-02,66.1583
2018-11-01,65.6843
2018-10-31,65.7482
2018-10-30,65.5094
2018-10-29,65.8128
2018-10-28,65.685
2018-10-27,65.692
2018-10-26,65.69
2018-10-25,65.5776
2018-10-24,65.5916
2018-10-23,65.5191
2018-10-22,65.2115
2018-10-21,65.5465
2018-10-20,65.4973
2018-10-19,65.4973
2018-10-18,65.8092
2018-10-17,65.5591
2018-10-16,65.3444
2018-10-15,65.5768
2018-10-14,65.9475
2018-10-13,66.065
2018-10-12,66.065
2018-10-11,66.2117
2018-10-10,66.9351
2018-10-09,66.2462
2018-10-08,66.6357
2018-10-07,66.6042
2018-10-06,66.6299
2018-10-05,66.6299
2018-10-04,66.8861
2018-10-03,65.9212
2018-10-02,65.4259
2018-10-01,64.9926
2018-09-30,65.6085
2018-09-29,65.6148
2018-09-28,65.6148
2018-09-27,65.5561
2018-09-26,65.919
2018-09-25,65.7536
2018-09-24,65.9817
2018-09-23,66.5978
2018-09-22,66.8534
2018-09-21,66.4793
2018-09-20,66.3572
2018-09-19,66.748
2018-09-18,67.3874
2018-09-17,68.0699
2018-09-16,68.0304
2018-09-15,68.0369
2018-09-14,68.0369
2018-09-13,68.3217
2018-09-12,68.9207
2018-09-11,69.4031
2018-09-10,70.5667
2018-09-09,69.7331
2018-09-08,69.9111
2018-09-07,69.9101
2018-09-06,69.203
2018-09-05,68.082
2018-09-04,68.2069
2018-09-03,67.9144
2018-09-02,67.578
2018-09-01,67.516
2018-08-31,67.516
2018-08-30,68.2452
2018-08-29,67.9424
2018-08-28,67.8484
2018-08-27,67.4703
2018-08-26,67.093
2018-08-25,67.0932
2018-08-24,67.0932
2018-08-23,68.2972
2018-08-22,68.0498
2018-08-21,67.2166
2018-08-20,67.0014
2018-08-19,67.0829
2018-08-18,67.0075
2018-08-17,67.0075
2018-08-16,66.8639
2018-08-15,67.3317
2018-08-14,66.6071
2018-08-13,67.6627
2018-08-12,67.8494
2018-08-11,67.6909
2018-08-10,67.6909
2018-08-09,66.545
2018-08-08,65.5877
2018-08-07,63.5166
2018-08-06,63.6729
2018-08-05,63.3763
2018-08-04,63.342
2018-08-03,63.342
2018-08-02,63.3367
2018-08-01,62.9988
2018-07-31,62.4592
2018-07-30,62.2495
2018-07-29,62.7306
2018-07-28,62.7839
2018-07-27,62.7839
2018-07-26,62.9537
2018-07-25,62.8282
2018-07-24,63.3331
2018-07-23,63.0742
2018-07-22,63.4282
2018-07-21,63.4721
2018-07-20,63.4719
2018-07-19,63.6346
2018-07-18,63.0842
2018-07-17,62.6342
2018-07-16,62.3458
2018-07-15,62.5012
2018-07-14,62.5872
2018-07-13,62.5882
2018-07-12,62.2641
2018-07-11,62.3795
2018-07-10,61.8017
2018-07-09,62.542
2018-07-08,62.9293
2018-07-07,62.9446
2018-07-06,62.9448
2018-07-05,63.2205
2018-07-04,63.3743
2018-07-03,63.145
2018-07-02,63.6822
2018-07-01,63.0883
2018-06-30,62.8058
2018-06-29,62.808
2018-06-28,62.9445
2018-06-27,63.1543
2018-06-26,63.0976
2018-06-25,62.7974
2018-06-24,63.0114
2018-06-23,62.9759
2018-06-22,62.9759
2018-06-21,63.5931
2018-06-20,63.5858
2018-06-19,63.8622
2018-06-18,63.4033
2018-06-17,63.0758
2018-06-16,63.1607
2018-06-15,63.1607
2018-06-14,62.5148
2018-06-13,62.4227
2018-06-12,63.1639
2018-06-11,62.8045
2018-06-10,62.4166
2018-06-09,62.328
2018-06-08,62.3296
2018-06-07,62.4126
2018-06-06,61.6692
2018-06-05,62.1039
2018-06-04,62.0581
2018-06-03,62.2078
2018-06-02,62.2062
2018-06-01,62.2059
2018-05-31,62.321
2018-05-30,62.1446
2018-05-29,62.8688
2018-05-28,62.3258
2018-05-27,62.1689
2018-05-26,62.2052
2018-05-25,62.2049
2018-05-24,61.5515
2018-05-23,61.3206
2018-05-22,61.2374
2018-05-21,61.5664
2018-05-20,62.3846
2018-05-19,62.3199
2018-05-18,62.322
2018-05-17,62.1583
2018-05-16,61.6437
2018-05-15,62.2915
2018-05-14,61.8591
2018-05-13,61.91
2018-05-12,61.9063
2018-05-11,61.895
2018-05-10,61.7336
2018-05-09,63.061
2018-05-08,63.3502
2018-05-07,62.9125
2018-05-06,62.7357
2018-05-05,62.9568
2018-05-04,62.9573
2018-05-03,63.0015
2018-05-02,63.9971
2018-05-01,63.6422
2018-04-30,62.9783
2018-04-29,62.5812
2018-04-28,62.1261
2018-04-27,62.1261
2018-04-26,62.7461
2018-04-25,62.4188
2018-04-24,61.5531
2018-04-23,61.8333
2018-04-22,61.4117
2018-04-21,61.3847
2018-04-20,61.3869
2018-04-19,60.9898
2018-04-18,60.8706
2018-04-17,61.565
2018-04-16,61.2457
2018-04-15,62.0361
2018-04-14,62.0237
2018-04-13,62.0237
2018-04-12,62.0285
2018-04-11,62.4445
2018-04-10,62.9678
2018-04-09,60.6521
2018-04-08,58.106
2018-04-07,57.9908
2018-04-06,57.9894
2018-04-05,57.6937
2018-04-04,57.5481
2018-04-03,57.6332
2018-04-02,57.4729
2018-04-01,57.1511
2018-03-31,57.1326
2018-03-30,57.3279
2018-03-29,57.2778
2018-03-28,57.7538
2018-03-27,57.3856
2018-03-26,57.2315
2018-03-25,57.189
2018-03-24,57.2334
2018-03-23,57.2337
2018-03-22,57.3431
2018-03-21,56.8776
2018-03-20,57.5473
2018-03-19,57.772
2018-03-18,57.4934
2018-03-17,57.5206
2018-03-16,57.5206
2018-03-15,57.4471
2018-03-14,57.0737
2018-03-13,57.081
2018-03-12,56.8929
2018-03-11,56.6927
2018-03-10,56.6576
2018-03-09,56.6576
2018-03-08,57.0927
2018-03-07,56.8434
2018-03-06,56.9132
2018-03-05,56.4534
2018-03-04,57.013
2018-03-03,56.8139
2018-03-02,56.815
2018-03-01,56.8226
2018-02-28,56.3557
2018-02-27,56.2542
2018-02-26,55.6619
2018-02-25,56.3565
2018-02-24,56.306
2018-02-23,56.3072
2018-02-22,56.5016
2018-02-21,56.7465
2018-02-20,56.5566
2018-02-19,56.4139
2018-02-18,56.48
2018-02-17,56.4099
2018-02-16,56.4096
2018-02-15,56.423
2018-02-14,56.7294
2018-02-13,57.6521
2018-02-12,57.7847
2018-02-11,58.3715
2018-02-10,58.3661
2018-02-09,58.3658
2018-02-08,58.3203
2018-02-07,57.8441
2018-02-06,56.8827
2018-02-05,57.3221
2018-02-04,56.4084
2018-02-03,56.5511
2018-02-02,56.5647
2018-02-01,55.9797
2018-01-31,56.1484
2018-01-30,56.3559
2018-01-29,56.3144
2018-01-28,56.2429
2018-01-27,56.2409
2018-01-26,56.2409
2018-01-25,55.9177
2018-01-24,56.1906
2018-01-23,56.3822
2018-01-22,56.489
2018-01-21,56.6259
2018-01-20,56.7449
2018-01-19,56.7449
2018-01-18,56.5337
2018-01-17,56.8843
2018-01-16,56.4806
2018-01-15,56.34
2018-01-14,56.5815
2018-01-13,56.643
2018-01-12,56.6214
2018-01-11,56.5354
2018-01-10,57.0542
2018-01-09,56.9048
2018-01-08,57.1265
2018-01-07,56.974
2018-01-06,56.8703
2018-01-05,56.8703
2018-01-04,57.0156
2018-01-03,57.1698
2018-01-02,57.5336
2018-01-01,57.7656
2017-12-31,57.6246
2017-12-30,57.6599
2017-12-29,57.6762
2017-12-28,57.6024
2017-12-27,57.7401
2017-12-26,57.6721
2017-12-25,58.0727
2017-12-24,58.3214
2017-12-23,58.3388
2017-12-22,58.3176
2017-12-21,58.4454
2017-12-20,58.7319
2017-12-19,58.7775
2017-12-18,58.6748
2017-12-17,58.6163
2017-12-16,58.835
2017-12-15,58.835
2017-12-14,58.8373
2017-12-13,58.607
2017-12-12,59.2296
2017-12-11,58.9472
2017-12-10,59.1143
2017-12-09,59.129
2017-12-08,59.0638
2017-12-07,59.2397
2017-12-06,59.1882
2017-12-05,58.797
2017-12-04,58.8032
2017-12-03,58.9024
2017-12-02,58.8876
2017-12-01,58.8876
2017-11-30,58.4814
2017-11-29,58.6359
2017-11-28,58.4177
2017-11-27,58.4718
2017-11-26,58.4663
2017-11-25,58.259
2017-11-24,58.26
2017-11-23,58.4575
2017-11-22,58.4321
2017-11-21,59.1117
2017-11-20,59.4046
2017-11-19,59.1328
2017-11-18,58.9637
2017-11-17,58.9637
2017-11-16,59.6992
2017-11-15,60.2118
2017-11-14,60.3448
2017-11-13,59.4025
2017-11-12,58.9049
2017-11-11,59.0895
2017-11-10,59.0895
2017-11-09,59.3026
2017-11-08,59.2277
2017-11-07,59.3772
2017-11-06,58.285
2017-11-05,59.0196
2017-11-04,59.0573
2017-11-03,59.0573
2017-11-02,58.2839
2017-11-01,58.2366
2017-10-31,58.2307
2017-10-30,57.9369
2017-10-29,58.1319
2017-10-28,58.0308
2017-10-27,58.0308
2017-10-26,57.9225
2017-10-25,57.7533
2017-10-24,57.6532
2017-10-23,57.5206
2017-10-22,57.5531
2017-10-21,57.4892
2017-10-20,57.5165
2017-10-19,57.2612
2017-10-18,57.4194
2017-10-17,57.3341
2017-10-16,57.2548
2017-10-15,57.203
2017-10-14,57.1794
2017-10-13,57.2731
2017-10-12,57.6933
2017-10-11,57.8472
2017-10-10,57.9558
2017-10-09,58.2676
2017-10-08,58.1907
2017-10-07,58.148
2017-10-06,58.1582
2017-10-05,57.7354
2017-10-04,57.6843
2017-10-03,57.972
2017-10-02,57.9229
2017-10-01,57.5933
2017-09-30,57.5418
2017-09-29,57.5418
2017-09-28,57.9238
2017-09-27,58.2037
2017-09-26,57.9132
2017-09-25,57.5846
2017-09-24,57.6175
2017-09-23,57.408
2017-09-22,57.408
2017-09-21,57.8846
2017-09-20,58.1283
2017-09-19,58.1083
2017-09-18,58.1338
2017-09-17,57.6894
2017-09-16,57.5866
2017-09-15,57.6063
2017-09-14,57.5513
2017-09-13,57.9673
2017-09-12,57.6274
2017-09-11,57.2245
2017-09-10,57.3963
2017-09-09,57.3223
2017-09-08,57.3262
2017-09-07,56.9459
2017-09-06,57.3656
2017-09-05,57.5991
2017-09-04,57.7808
2017-09-03,57.5049
2017-09-02,57.4829
2017-09-01,57.4829
2017-08-31,58.0066
2017-08-30,58.4909
2017-08-29,58.7983
2017-08-28,58.4484
2017-08-27,58.6278
2017-08-26,58.6019
2017-08-25,58.6018
2017-08-24,59.1593
2017-08-23,59.0036
2017-08-22,59.0112
2017-08-21,59.1122
2017-08-20,58.9444
2017-08-19,58.9452
2017-08-18,58.9348
2017-08-17,59.0712
2017-08-16,59.443
2017-08-15,59.785
2017-08-14,59.8514
2017-08-13,59.8288
2017-08-12,59.8171
2017-08-11,59.8161
2017-08-10,60.0274
2017-08-09,60.107
2017-08-08,59.8244
2017-08-07,59.9958
2017-08-06,59.9959
2017-08-05,59.9681
2017-08-04,59.9681
2017-08-03,60.3229
2017-08-02,60.5204
2017-08-01,60.2328
2017-07-31,59.7704
2017-07-30,59.4822
2017-07-29,59.5038
2017-07-28,59.5074
2017-07-27,59.5186
2017-07-26,59.5668
2017-07-25,59.9861
2017-07-24,60.0078
2017-07-23,59.2476
2017-07-22,59.2516
2017-07-21,59.2739
2017-07-20,58.925
2017-07-19,58.9891
2017-07-18,59.1171
2017-07-17,59.345
2017-07-16,59.0829
2017-07-15,59.0434
2017-07-14,59.0434
2017-07-13,59.7936
2017-07-12,59.9284
2017-07-11,60.7989
2017-07-10,60.2914
2017-07-09,60.3824
2017-07-08,60.3422
2017-07-07,60.3558
2017-07-06,60.0824
2017-07-05,60.2136
2017-07-04,59.3905
2017-07-03,59.2757
2017-07-02,58.9077
2017-07-01,58.9172
2017-06-30,58.9135
2017-06-29,59.4599
2017-06-28,59.2514
2017-06-27,59.3929
2017-06-26,58.9303
2017-06-25,59.4461
2017-06-24,59.4594
2017-06-23,59.4411
2017-06-22,59.8739
2017-06-21,60.2756
2017-06-20,59.5827
2017-06-19,58.4506
2017-06-18,57.7352
2017-06-17,57.722
2017-06-16,57.7397
2017-06-15,57.83
2017-06-14,57.4659
2017-06-13,56.9112
2017-06-12,57.037
2017-06-11,57.0231
2017-06-10,57.0564
2017-06-09,57.072
2017-06-08,56.936
2017-06-07,57.0949
2017-06-06,56.5176
2017-06-05,56.6428
2017-06-04,56.6214
2017-06-03,56.6257
2017-06-02,56.6143
2017-06-01,56.4073
2017-05-31,56.7348
2017-05-30,56.6029
2017-05-29,56.5066
2017-05-28,56.5047
2017-05-27,56.5495
2017-05-26,56.5378
2017-05-25,56.8457
2017-05-24,56.3369
2017-05-23,56.34
2017-05-22,56.6037
2017-05-21,56.896
2017-05-20,56.9329
2017-05-19,56.9207
2017-05-18,57.5633
2017-05-17,57.123
2017-05-16,56.4532
2017-05-15,56.3772
2017-05-14,57.127
2017-05-13,57.088
2017-05-12,57.088
2017-05-11,57.1095
2017-05-10,57.4263
2017-05-09,58.4553
2017-05-08,58.2362
2017-05-07,58.019
2017-05-06,58.0621
2017-05-05,58.0621
2017-05-04,58.3976
2017-05-03,57.3545
2017-05-02,57.0894
2017-05-01,56.972
2017-04-30,56.9683
2017-04-29,56.9572
2017-04-28,56.9703
2017-04-27,57.0026
2017-04-26,57.1212
2017-04-25,56.0903
2017-04-24,55.8204
2017-04-23,56.4446
2017-04-22,56.4394
2017-04-21,56.4394
2017-04-20,56.1511
2017-04-19,56.6287
2017-04-18,56.2796
2017-04-17,55.911
2017-04-16,56.3601
2017-04-15,56.3407
2017-04-14,56.3136
2017-04-13,56.2545
2017-04-12,56.7041
2017-04-11,57.0574
2017-04-10,57.1482
2017-04-09,57.2444
2017-04-08,57.2418
2017-04-07,57.2404
2017-04-06,56.4378
2017-04-05,56.4367
2017-04-04,55.9686
2017-04-03,56.1611
2017-04-02,56.239
2017-04-01,56.2281
2017-03-31,56.2281
2017-03-30,55.9881
2017-03-29,56.658
2017-03-28,56.896
2017-03-27,56.8915
2017-03-26,56.9314
2017-03-25,56.9557
2017-03-24,56.9465
2017-03-23,57.3894
2017-03-22,57.7638
2017-03-21,57.63
2017-03-20,57.335
2017-03-19,57.1875
2017-03-18,57.1912
2017-03-17,57.2217
2017-03-16,57.7913
2017-03-15,58.4018
2017-03-14,59.2117
2017-03-13,58.837
2017-03-12,59.0784
2017-03-11,58.9218
2017-03-10,59.0044
2017-03-09,59.293
2017-03-08,58.9111
2017-03-07,58.1618
2017-03-06,58.2742
2017-03-05,58.2038
2017-03-04,58.2408
2017-03-03,58.2487
2017-03-02,58.7394
2017-03-01,58.2789
2017-02-28,58.3804
2017-02-27,58.1986
2017-02-26,58.4331
2017-02-25,58.5085
2017-02-24,58.4863
2017-02-23,57.7705
2017-02-22,57.9493
2017-02-21,57.4257
2017-02-20,57.9393
2017-02-19,58.3865
2017-02-18,58.3575
2017-02-17,58.3645
2017-02-16,57.5921
2017-02-15,57.3403
2017-02-14,57.0763
2017-02-13,57.9559
2017-02-12,58.2518
2017-02-11,58.233
2017-02-10,58.2308
2017-02-09,58.9626
2017-02-08,59.1664
2017-02-07,59.5074
2017-02-06,58.9351
2017-02-05,58.9951
2017-02-04,58.9962
2017-02-03,58.996
2017-02-02,59.4135
2017-02-01,60.1634
2017-01-31,60.1979
2017-01-30,59.7512
2017-01-29,59.8254
2017-01-28,59.8455
2017-01-27,59.8452
2017-01-26,60.2976
2017-01-25,59.5026
2017-01-24,59.1817
2017-01-23,59.5673
2017-01-22,59.7329
2017-01-21,59.5829
2017-01-20,59.5772
2017-01-19,59.681
2017-01-18,59.5476
2017-01-17,59.4604
2017-01-16,59.8447
2017-01-15,59.6634
2017-01-14,59.6032
2017-01-13,59.5546
2017-01-12,59.3637
2017-01-11,59.8366
2017-01-10,60.1473
2017-01-09,60.114
2017-01-08,59.6462
2017-01-07,59.6073
2017-01-06,59.6221
2017-01-05,59.4606
2017-01-04,60.3728
2017-01-03,61.0381
2017-01-02,61.2648
2017-01-01,61.2386
2016-12-31,61.2553
2016-12-30,61.2262
2016-12-29,60.5351
2016-12-28,60.4442
2016-12-27,60.7408
2016-12-26,60.9532
2016-12-25,61.0832
2016-12-24,61.0674
2016-12-23,61.0615
2016-12-22,61.018
2016-12-21,61.1751
2016-12-20,61.4439
2016-12-19,61.9014
2016-12-18,62.1343
2016-12-17,61.8823
2016-12-16,61.8031
2016-12-15,61.6251
2016-12-14,61.7835
2016-12-13,60.6929
2016-12-12,61.2917
2016-12-11,62.2823
2016-12-10,62.63
2016-12-09,62.699
2016-12-08,63.6145
2016-12-07,63.339
2016-12-06,63.8589
2016-12-05,63.7854
2016-12-04,63.9759
2016-12-03,63.8983
2016-12-02,63.8583
2016-12-01,64.1275
2016-11-30,64.2525
2016-11-29,65.0933
2016-11-28,64.8725
2016-11-27,64.9225
2016-11-26,64.9634
2016-11-25,64.8608
2016-11-24,64.436
2016-11-23,64.2213
2016-11-22,63.8264
2016-11-21,64.0742
2016-11-20,64.844
2016-11-19,64.8992
2016-11-18,64.8735
2016-11-17,64.8326
2016-11-16,64.8256
2016-11-15,64.5801
2016-11-14,65.8954
2016-11-13,65.8199
2016-11-12,65.84
2016-11-11,65.5299
2016-11-10,65.2649
2016-11-09,63.5586
2016-11-08,63.7303
2016-11-07,63.79
2016-11-06,64.2027
2016-11-05,64.1372
2016-11-04,64.0806
2016-11-03,63.5674
2016-11-02,63.4759
2016-11-01,63.3268
2016-10-31,63.2171
2016-10-30,62.9622
2016-10-29,62.9694
2016-10-28,62.9645
2016-10-27,62.673
2016-10-26,62.6866
2016-10-25,62.1338
2016-10-24,62.2032
2016-10-23,62.3129
2016-10-22,62.3432
2016-10-21,62.3236
2016-10-20,62.435
2016-10-19,62.4005
2016-10-18,62.7578
2016-10-17,63.0347
2016-10-16,62.9936
2016-10-15,62.9423
2016-10-14,62.9829
2016-10-13,62.966
2016-10-12,62.9678
2016-10-11,62.1119
2016-10-10,62.0209
2016-10-09,62.1649
2016-10-08,62.2358
2016-10-07,62.25
2016-10-06,62.2051
2016-10-05,62.3166
2016-10-04,62.6352
2016-10-03,62.4068
2016-10-02,62.8792
2016-10-01,62.9069
2016-09-30,62.918
2016-09-29,63.1874
2016-09-28,63.2074
2016-09-27,63.8198
2016-09-26,63.9744
2016-09-25,64.0246
2016-09-24,63.9959
2016-09-23,64.0007
2016-09-22,63.8127
2016-09-21,64.0688
2016-09-20,64.7811
2016-09-19,64.7787
2016-09-18,65.0366
2016-09-17,65.194
2016-09-16,65.2367
2016-09-15,64.617
2016-09-14,65.1238
2016-09-13,65.257
2016-09-12,64.6522
2016-09-11,64.7422
2016-09-10,64.6821
2016-09-09,64.6281
2016-09-08,64.072
2016-09-07,64.3147
2016-09-06,64.6104
2016-09-05,65.0568
2016-09-04,65.2417
2016-09-03,65.2387
2016-09-02,65.2114
2016-09-01,65.8036
2016-08-31,65.2045
2016-08-30,65.1956
2016-08-29,64.5809
2016-08-28,64.7429
2016-08-27,64.7352
2016-08-26,64.7581
2016-08-25,64.7592
2016-08-24,65.045
2016-08-23,64.4987
2016-08-22,64.6202
2016-08-21,64.0117
2016-08-20,63.8704
2016-08-19,63.8525
2016-08-18,63.7424
2016-08-17,63.872
2016-08-16,63.931
2016-08-15,64.2039
2016-08-14,64.5839
2016-08-13,64.8393
2016-08-12,64.8169
2016-08-11,64.3685
2016-08-10,64.8442
2016-08-09,64.779
2016-08-08,64.8088
2016-08-07,65.7548
2016-08-06,65.4654
2016-08-05,65.6014
2016-08-04,65.9048
2016-08-03,66.311
2016-08-02,66.7153
2016-08-01,66.8118
2016-07-31,65.5546
2016-07-30,66.0384
2016-07-29,66.1329
2016-07-28,66.5595
2016-07-27,65.8089
2016-07-26,65.6704
2016-07-25,65.2717
2016-07-24,64.718
2016-07-23,64.7598
2016-07-22,64.6584
2016-07-21,64.1219
2016-07-20,63.6737
2016-07-19,63.423
2016-07-18,62.8617
2016-07-17,63.6007
2016-07-16,63.6148
2016-07-15,63.5789
2016-07-14,63.0325
2016-07-13,63.9838
2016-07-12,63.8791
2016-07-11,64.1771
2016-07-10,63.9064
2016-07-09,63.902
2016-07-08,63.8458
2016-07-07,64.5139
2016-07-06,64.2641
2016-07-05,64.4145
2016-07-04,63.9529
2016-07-03,63.8792
2016-07-02,63.8426
2016-07-01,63.8503
2016-06-30,63.8955
2016-06-29,63.9613
2016-06-28,64.3373
2016-06-27,65.4274
2016-06-26,65.3995
2016-06-25,65.0873
2016-06-24,64.815
2016-06-23,64.046
2016-06-22,64.6184
2016-06-21,63.8805
2016-06-20,64.3812
2016-06-19,64.6225
2016-06-18,64.8215
2016-06-17,64.9641
2016-06-16,65.7161
2016-06-15,65.6134
2016-06-14,65.9194
2016-06-13,65.6306
2016-06-12,65.0699
2016-06-11,65.2573
2016-06-10,65.0774
2016-06-09,64.2109
2016-06-08,63.9782
2016-06-07,64.805
2016-06-06,65.3718
2016-06-05,65.6752
2016-06-04,65.6498
2016-06-03,65.8019
2016-06-02,66.9077
2016-06-01,66.9056
2016-05-31,66.5056
2016-05-30,65.6826
2016-05-29,66.0353
2016-05-28,65.9089
2016-05-27,65.8033
2016-05-26,65.8237
2016-05-25,65.7199
2016-05-24,66.3798
2016-05-23,67.0075
2016-05-22,66.6521
2016-05-21,66.7777
2016-05-20,66.7816
2016-05-19,65.9406
2016-05-18,65.5226
2016-05-17,64.9089
2016-05-16,65.0703
2016-05-15,65.7653
2016-05-14,65.3653
2016-05-13,65.3062
2016-05-12,64.8627
2016-05-11,65.2966
2016-05-10,66.2205
2016-05-09,66.2919
2016-05-08,66.3647
2016-05-07,66.0256
2016-05-06,65.9864
2016-05-05,65.9726
2016-05-04,66.613
2016-05-03,65.859
2016-05-02,64.9538
2016-05-01,65.2947
2016-04-30,64.8796
2016-04-29,64.9113
2016-04-28,64.8471
2016-04-27,65.41
2016-04-26,65.4254
2016-04-25,66.5959
2016-04-24,66.65
2016-04-23,66.6
2016-04-22,66.4776
2016-04-21,66.6191
2016-04-20,65.2784
2016-04-19,65.9815
2016-04-18,66.2232
2016-04-17,66.609
2016-04-16,66.4417
2016-04-15,66.4023
2016-04-14,66.0341
2016-04-13,66.2803
2016-04-12,65.7807
2016-04-11,66.8367
2016-04-10,67.1029
2016-04-09,67.1499
2016-04-08,67.3115
2016-04-07,68.0744
2016-04-06,67.8922
2016-04-05,68.5294
2016-04-04,68.4068
2016-04-03,67.598
2016-04-02,67.6873
2016-04-01,67.6532
2016-03-31,67.1697
2016-03-30,68.325
2016-03-29,68.1882
2016-03-28,68.5566
2016-03-27,68.3362
2016-03-26,68.3978
2016-03-25,68.5494
2016-03-24,68.6592
2016-03-23,68.5044
2016-03-22,67.6045
2016-03-21,67.9637
2016-03-20,68.1323
2016-03-19,68.017
2016-03-18,68.07
2016-03-17,68.6129
2016-03-16,69.5562
2016-03-15,70.8247
2016-03-14,69.9707
2016-03-13,69.8698
2016-03-12,69.63
2016-03-11,69.8253
2016-03-10,71.5132
2016-03-09,71.1864
2016-03-08,72.3968
2016-03-07,71.4836
2016-03-06,72.1178
2016-03-05,72.0695
2016-03-04,72.2451
2016-03-03,73.2721
2016-03-02,73.3076
2016-03-01,73.7232
2016-02-29,75.275
2016-02-28,76.1855
2016-02-27,76.7298
2016-02-26,76.3031
2016-02-25,75.5766
2016-02-24,75.7939
2016-02-23,76.1138
2016-02-22,75.6624
2016-02-21,77.1782
2016-02-20,77.0333
2016-02-19,76.7134
2016-02-18,76.4307
2016-02-17,75.5145
2016-02-16,78.2184
2016-02-15,77.6701
2016-02-14,78.5068
2016-02-13,78.7612
2016-02-12,78.8768
2016-02-11,79.5862
2016-02-10,78.7218
2016-02-09,79.3281
2016-02-08,78.0229
2016-02-07,77.2953
2016-02-06,77.253
2016-02-05,77.1055
2016-02-04,77.2156
2016-02-03,77.1461
2016-02-02,78.9749
2016-02-01,76.899
2016-01-31,75.5415
2016-01-30,75.6876
2016-01-29,75.8867
2016-01-28,76.7233
2016-01-27,77.6284
2016-01-26,78.7746
2016-01-25,79.8267
2016-01-24,78.3959
2016-01-23,78.5539
2016-01-22,78.3165
2016-01-21,82.1842
2016-01-20,80.9036
2016-01-19,78.7302
2016-01-18,79.0771
2016-01-17,77.7712
2016-01-16,77.6718
2016-01-15,77.4641
2016-01-14,75.5579
2016-01-13,75.944
2016-01-12,76.6708
2016-01-11,75.907
2016-01-10,75.2088
2016-01-09,74.7809
2016-01-08,74.7629
2016-01-07,75.018
2016-01-06,74.7495
2016-01-05,73.3695
2016-01-04,73.0505
2016-01-03,73.0186
2016-01-02,73.0781
2016-01-01,73.1064
2015-12-31,72.9746
2015-12-30,73.1784
2015-12-29,72.0621
2015-12-28,71.8754
2015-12-27,70.6083
2015-12-26,70.2198
2015-12-25,70.0771
2015-12-24,70.3557
2015-12-23,69.9901
2015-12-22,71.2932
2015-12-21,71.1012
2015-12-20,70.9498
2015-12-19,71.0077
2015-12-18,70.8777
2015-12-17,70.7986
2015-12-16,70.248
2015-12-15,70.2226
2015-12-14,70.6273
2015-12-13,70.182
2015-12-12,69.8211
2015-12-11,69.9717
2015-12-10,69.1881
2015-12-09,69.3803
2015-12-08,69.3122
2015-12-07,68.9619
2015-12-06,67.9689
2015-12-05,68.0046
2015-12-04,68.0212
2015-12-03,67.4733
2015-12-02,67.2022
2015-12-01,66.5506
2015-11-30,66.469
2015-11-29,66.54
2015-11-28,66.4132
2015-11-27,66.3461
2015-11-26,65.7834
2015-11-25,65.6302
2015-11-24,65.4804
2015-11-23,65.8074
2015-11-22,64.842
2015-11-21,64.6991
2015-11-20,64.6989
2015-11-19,64.6535
2015-11-18,65.2834
2015-11-17,65.1484
2015-11-16,65.5077
2015-11-15,66.9662
2015-11-14,66.8232
2015-11-13,66.648
2015-11-12,66.2802
2015-11-11,65.2161
2015-11-10,64.4453
2015-11-09,64.6289
2015-11-08,64.458
2015-11-07,64.4142
2015-11-06,64.1813
2015-11-05,63.2009
2015-11-04,63.0463
2015-11-03,62.913
2015-11-02,63.7128
2015-11-01,63.9679
2015-10-31,64.0898
2015-10-30,64.0898
2015-10-29,64.3355
2015-10-28,64.0156
2015-10-27,64.7863
2015-10-26,62.8171
2015-10-25,62.1139
2015-10-24,62.1141
2015-10-23,62.2235
2015-10-22,62.6077
2015-10-21,62.8038
2015-10-20,62.09
2015-10-19,62.2054
2015-10-18,61.4665
2015-10-17,61.496
2015-10-16,61.639
2015-10-15,61.6708
2015-10-14,62.7297
2015-10-13,62.77
2015-10-12,62.1577
2015-10-11,61.6966
2015-10-10,61.6431
2015-10-09,61.7975
2015-10-08,61.567
2015-10-07,62.8476
2015-10-06,63.5562
2015-10-05,64.9014
2015-10-04,66.0555
2015-10-03,66.1189
2015-10-02,65.9766
2015-10-01,65.6356
2015-09-30,65.4731
2015-09-29,66.0598
2015-09-28,66.1385
2015-09-27,65.4675
2015-09-26,65.518
2015-09-25,65.634
2015-09-24,66.0905
2015-09-23,66.2093
2015-09-22,66.1248
2015-09-21,66.1079
2015-09-20,67.0242
2015-09-19,66.6261
2015-09-18,66.5789
2015-09-17,65.4494
2015-09-16,65.7497
2015-09-15,66.9543
2015-09-14,67.7187
2015-09-13,67.8046
2015-09-12,67.8199
2015-09-11,67.8827
2015-09-10,67.7675
2015-09-09,68.4556
2015-09-08,68.326
2015-09-07,68.9147
2015-09-06,68.4602
2015-09-05,68.2818
2015-09-04,68.1809
2015-09-03,67.1775
2015-09-02,66.6138
2015-09-01,66.7818
2015-08-31,64.5318
2015-08-30,65.4079
2015-08-29,65.4998
2015-08-28,65.7162
2015-08-27,66.769
2015-08-26,68.877
2015-08-25,69.4981
2015-08-24,70.5682
2015-08-23,69.103
2015-08-22,68.9535
2015-08-21,68.7218
2015-08-20,67.6838
2015-08-19,66.4692
2015-08-18,65.7566
2015-08-17,65.3217
2015-08-16,64.9845
2015-08-15,64.8801
2015-08-14,64.8238
2015-08-13,64.6363
2015-08-12,64.2273
2015-08-11,64.1429
2015-08-10,63.1997
2015-08-09,64.0103
2015-08-08,64.0586
2015-08-07,63.991
2015-08-06,63.9507
2015-08-05,63.4345
2015-08-04,62.9866
2015-08-03,63.1569
2015-08-02,61.5395
2015-08-01,61.4817
2015-07-31,61.21
2015-07-30,59.6786
2015-07-29,58.952
2015-07-28,59.7735
2015-07-27,59.3578
2015-07-26,58.4074
2015-07-25,58.4413
2015-07-24,58.2705
2015-07-23,57.7078
2015-07-22,57.0927
2015-07-21,56.9337
2015-07-20,57.0989
2015-07-19,56.9482
2015-07-18,56.9492
2015-07-17,56.9389
2015-07-16,56.859
2015-07-15,56.8401
2015-07-14,56.4831
2015-07-13,56.4838
2015-07-12,56.3823
2015-07-11,56.4097
2015-07-10,56.5304
2015-07-09,57.2365
2015-07-08,57.4382
2015-07-07,56.6424
2015-07-06,56.6354
2015-07-05,56.0429
2015-07-04,55.9972
2015-07-03,55.9611
2015-07-02,55.4944
2015-07-01,55.8056
2015-06-30,55.3915
2015-06-29,55.5251
2015-06-28,54.932
2015-06-27,54.8442
2015-06-26,54.772
2015-06-25,54.5732
2015-06-24,54.3727
2015-06-23,53.8123
2015-06-22,53.9361
2015-06-21,54.0671
2015-06-20,54.0239
2015-06-19,53.9007
2015-06-18,53.551
2015-06-17,53.753
2015-06-16,53.9689
2015-06-15,54.9311
2015-06-14,55.2194
2015-06-13,55.1805
2015-06-12,55.1044
2015-06-11,54.7416
2015-06-10,54.6386
2015-06-09,55.6756
2015-06-08,56.061
2015-06-07,56.3247
2015-06-06,56.1922
2015-06-05,56.0322
2015-06-04,55.7754
2015-06-03,54.1131
2015-06-02,52.8825
2015-06-01,53.3392
2015-05-31,52.312
2015-05-30,52.4828
2015-05-29,52.3222
2015-05-28,52.3232
2015-05-27,51.5298
2015-05-26,50.8251
2015-05-25,49.8863
2015-05-24,49.9857
2015-05-23,50.0018
2015-05-22,49.9676
2015-05-21,49.9564
2015-05-20,49.6229
2015-05-19,49.5042
2015-05-18,49.1767
2015-05-17,49.448
2015-05-16,49.569
2015-05-15,49.5928
2015-05-14,49.9365
2015-05-13,49.8511
2015-05-12,50.3932
2015-05-11,51.1179
2015-05-10,50.9901
2015-05-09,50.9861
2015-05-08,50.9161
2015-05-07,50.3857
2015-05-06,50.9534
2015-05-05,50.8508
2015-05-04,52.0564
2015-05-03,51.9037
2015-05-02,51.8759
2015-05-01,51.8309
2015-04-30,51.5374
2015-04-29,51.1407
2015-04-28,51.4377
2015-04-27,51.661
2015-04-26,50.8533
2015-04-25,50.8727
2015-04-24,50.9819
2015-04-23,51.3623
2015-04-22,52.4464
2015-04-21,53.4309
2015-04-20,53.1924
2015-04-19,51.6989
2015-04-18,51.7251
2015-04-17,51.3255
2015-04-16,49.9324
2015-04-15,50.1637
2015-04-14,51.3952
2015-04-13,52.4834
2015-04-12,53.3801
2015-04-11,53.2318
2015-04-10,53.3125
2015-04-09,52.4022
2015-04-08,53.8936
2015-04-07,55.1695
2015-04-06,55.6723
2015-04-05,56.7145
2015-04-04,56.7572
2015-04-03,56.7694
2015-04-02,56.5521
2015-04-01,57.6618
2015-03-31,58.1168
2015-03-30,57.6522
2015-03-29,57.8876
2015-03-28,57.8169
2015-03-27,57.6936
2015-03-26,57.2899
2015-03-25,57.6438
2015-03-24,58.045
2015-03-23,58.9396
2015-03-22,59.3263
2015-03-21,59.4472
2015-03-20,59.4686
2015-03-19,60.2159
2015-03-18,59.7445
2015-03-17,61.645
2015-03-16,62.2646
2015-03-15,62.3123
2015-03-14,62.0764
2015-03-13,62.0897
2015-03-12,61.4509
2015-03-11,61.7812
2015-03-10,61.9326
2015-03-09,60.6703
2015-03-08,60.4867
2015-03-07,60.3418
2015-03-06,60.6132
2015-03-05,61.1129
2015-03-04,61.8883
2015-03-03,61.9287
2015-03-02,62.3456
2015-03-01,61.5456
2015-02-28,61.5442
2015-02-27,61.4135
2015-02-26,61.3544
2015-02-25,61.7634
2015-02-24,63.036
2015-02-23,63.7822
2015-02-22,61.9522
2015-02-21,61.9072
2015-02-20,61.9178
2015-02-19,62.2223
2015-02-18,61.7909
2015-02-17,63.0804
2015-02-16,63.2449
2015-02-15,63.2014
2015-02-14,63.6271
2015-02-13,63.8659
2015-02-12,65.3955
2015-02-11,65.634
2015-02-10,65.5258
2015-02-09,66.039
2015-02-08,66.8842
2015-02-07,66.8407
2015-02-06,66.9191
2015-02-05,66.6793
2015-02-04,67.7001
2015-02-03,65.2981
2015-02-02,68.7073
2015-02-01,69.8466
2015-01-31,69.6247
2015-01-30,69.4293
2015-01-29,68.5472
2015-01-28,67.7624
2015-01-27,67.4511
2015-01-26,68.1961
2015-01-25,64.0836
2015-01-24,64.0161
2015-01-23,64.2105
2015-01-22,64.5806
2015-01-21,65.2981
2015-01-20,65.122
2015-01-19,65.0728
2015-01-18,65.0877
2015-01-17,65.2578
2015-01-16,65.2072
2015-01-15,64.92
2015-01-14,64.342
2015-01-13,64.7214
2015-01-12,62.8677
2015-01-11,61.6536
2015-01-10,61.7702
2015-01-09,61.78
2015-01-08,60.1826
2015-01-07,62.8611
2015-01-06,63.2491
2015-01-05,60.4911
2015-01-04,58.8377
2015-01-03,58.8477
2015-01-02,58.9166
2015-01-01,59.0238
2014-12-31,56.6144
2014-12-30,56.768
2014-12-29,58.7177
2014-12-28,53.7009
2014-12-27,53.4996
2014-12-26,53.3406
2014-12-25,51.9908
2014-12-24,53.9378
2014-12-23,54.8971
2014-12-22,55.6066
2014-12-21,58.6852
2014-12-20,58.9064
2014-12-19,58.9064
2014-12-18,61.8611
2014-12-17,68.3186
2014-12-16,68.6286
2014-12-15,57.9862
2014-12-14,57.8832
2014-12-13,57.8675
2014-12-12,58.2082
2014-12-11,55.8136
2014-12-10,54.6264
2014-12-09,54.0188
2014-12-08,53.5577
2014-12-07,52.9009
2014-12-06,53.0214
2014-12-05,53.0844
2014-12-04,53.9321
2014-12-03,53.1773
2014-12-02,53.725
2014-12-01,51.0582
2014-11-30,49.6532
2014-11-29,49.976
2014-11-28,49.5377
2014-11-27,48.5044
2014-11-26,46.97
2014-11-25,45.8982
2014-11-24,45.1179
2014-11-23,45.7477
2014-11-22,45.7693
2014-11-21,45.9123
2014-11-20,46.3526
2014-11-19,46.8577
2014-11-18,46.9543
2014-11-17,47.1948
2014-11-16,47.3158
2014-11-15,47.2621
2014-11-14,47.1424
2014-11-13,46.5642
2014-11-12,45.9613
2014-11-11,46.3298
2014-11-10,46.067
2014-11-09,46.7092
2014-11-08,46.7103
2014-11-07,46.4819
2014-11-06,46.8426
2014-11-05,44.6482
2014-11-04,43.6407
2014-11-03,43.4342
2014-11-02,43.0538
2014-11-01,43.0341
2014-10-31,43.0748
2014-10-30,41.7456
2014-10-29,42.9458
2014-10-28,42.3871
2014-10-27,42.1846
2014-10-26,41.9088
2014-10-25,41.8692
2014-10-24,41.8337
2014-10-23,41.576
2014-10-22,41.2893
2014-10-21,40.9399
2014-10-20,40.9621
2014-10-19,40.6959
2014-10-18,40.739
2014-10-17,40.7204
2014-10-16,40.8401
2014-10-15,40.5602
2014-10-14,40.8424
2014-10-13,40.4562
2014-10-12,40.3794
2014-10-11,40.3536
2014-10-10,40.2952
2014-10-09,40.0671
2014-10-08,39.9912
2014-10-07,39.9081
2014-10-06,39.8179
2014-10-05,40.0575
2014-10-04,39.9807
2014-10-03,39.957
2014-10-02,39.6113
2014-10-01,39.644
2014-09-30,39.5672
2014-09-29,39.381
2014-09-28,39.1787
2014-09-27,39.0883
2014-09-26,38.9942
2014-09-25,38.4608
2014-09-24,38.2868
2014-09-23,38.5976
2014-09-22,38.6445
2014-09-21,38.4018
2014-09-20,38.4385
2014-09-19,38.4376
2014-09-18,38.4086
2014-09-17,38.4798
2014-09-16,38.3157
2014-09-15,38.2516
2014-09-14,37.7965
2014-09-13,37.7534
2014-09-12,37.7002
2014-09-11,37.5006
2014-09-10,37.2655
2014-09-09,37.0756
2014-09-08,37.0152
2014-09-07,36.9501
2014-09-06,36.9786
2014-09-05,36.9736
2014-09-04,36.9916
2014-09-03,36.9627
2014-09-02,37.4198
2014-09-01,37.262
2014-08-31,37.0728
2014-08-30,37.0451
2014-08-29,36.9585
2014-08-28,36.5775
2014-08-27,36.1802
2014-08-26,36.0939
2014-08-25,36.1389
2014-08-24,36.1331
2014-08-23,36.1237
2014-08-22,36.1528
2014-08-21,36.086
2014-08-20,36.2686
2014-08-19,36.1488
2014-08-18,36.0789
2014-08-17,36.1304
2014-08-16,36.1301
2014-08-15,36.1223
2014-08-14,36.0307
2014-08-13,36.0234
2014-08-12,36.1508
2014-08-11,36.0032
2014-08-10,36.1634
2014-08-09,36.197
2014-08-08,36.1927
2014-08-07,36.2939
2014-08-06,36.1222
2014-08-05,36.02
2014-08-04,35.8052
2014-08-03,35.7628
2014-08-02,35.7566
2014-08-01,35.725
2014-07-31,35.7163
2014-07-30,35.6057
2014-07-29,35.6345
2014-07-28,35.4261
2014-07-27,35.1299
2014-07-26,35.1272
2014-07-25,35.0983
2014-07-24,35.029
2014-07-23,34.9075
2014-07-22,35.0121
2014-07-21,35.1993
2014-07-20,34.9366
2014-07-19,34.9465
2014-07-18,35.0788
2014-07-17,35.0443
2014-07-16,34.5346
2014-07-15,34.3848
2014-07-14,34.3022
2014-07-13,34.2092
2014-07-12,34.1895
2014-07-11,34.1684
2014-07-10,34.0116
2014-07-09,34.0066
2014-07-08,34.2934
2014-07-07,34.4388
2014-07-06,34.4282
2014-07-05,34.4044
2014-07-04,34.3899
2014-07-03,34.2799
2014-07-02,34.2783
2014-07-01,34.2649
2014-06-30,33.9392
2014-06-29,33.7363
2014-06-28,33.7254
2014-06-27,33.7362
2014-06-26,33.707
2014-06-25,33.8098
2014-06-24,33.8855
2014-06-23,34.1895
2014-06-22,34.4564
2014-06-21,34.4528
2014-06-20,34.4387
2014-06-19,34.4617
2014-06-18,34.5174
2014-06-17,34.7927
2014-06-16,34.5928
2014-06-15,34.3985
2014-06-14,34.389
2014-06-13,34.3831
2014-06-12,34.3554
2014-06-11,34.3763
2014-06-10,34.3298
2014-06-09,34.3643
2014-06-08,34.4446
2014-06-07,34.4597
2014-06-06,34.5098
2014-06-05,34.7883
2014-06-04,34.9892
2014-06-03,35.056
2014-06-02,34.9976
2014-06-01,34.8855
2014-05-31,34.8731
2014-05-30,34.8474
2014-05-29,34.6375
2014-05-28,34.5095
2014-05-27,34.3557
2014-05-26,34.1746
2014-05-25,34.206
2014-05-24,34.1595
2014-05-23,34.1757
2014-05-22,34.3249
2014-05-21,34.3871
2014-05-20,34.5408
2014-05-19,34.6524
2014-05-18,34.7398
2014-05-17,34.7624
2014-05-16,34.7576
2014-05-15,34.7678
2014-05-14,34.8139
2014-05-13,34.9158
2014-05-12,35.071
2014-05-11,35.2041
2014-05-10,35.216
2014-05-09,35.1858
2014-05-08,35.1161
2014-05-07,35.0642
2014-05-06,35.5147
2014-05-05,35.7473
2014-05-04,35.8237
2014-05-03,35.8005
2014-05-02,35.7827
2014-05-01,35.5942
2014-04-30,35.6617
2014-04-29,35.7198
2014-04-28,35.896
2014-04-27,36.0357
2014-04-26,36.0064
2014-04-25,35.9689
2014-04-24,35.738
2014-04-23,35.7089
2014-04-22,35.7017
2014-04-21,35.6883
2014-04-20,35.6166
2014-04-19,35.5879
2014-04-18,35.653
2014-04-17,35.6504
2014-04-16,36.0335
2014-04-15,36.1933
2014-04-14,35.9137
2014-04-13,35.6341
2014-04-12,35.6577
2014-04-11,35.6194
2014-04-10,35.5917
2014-04-09,35.5943
2014-04-08,35.6972
2014-04-07,35.5626
2014-04-06,35.2662
2014-04-05,35.3385
2014-04-04,35.3524
2014-04-03,35.5229
2014-04-02,35.4332
2014-04-01,35.1301
2014-03-31,35.2163
2014-03-30,35.7555
2014-03-29,35.7505
2014-03-28,35.7292
2014-03-27,35.5913
2014-03-26,35.5966
2014-03-25,35.6498
2014-03-24,36.1469
2014-03-23,36.2803
2014-03-22,36.2644
2014-03-21,36.2355
2014-03-20,36.2707
2014-03-19,36.1752
2014-03-18,36.2951
2014-03-17,36.3332
2014-03-16,36.6211
2014-03-15,36.6105
2014-03-14,36.5835
2014-03-13,36.5497
2014-03-12,36.489
2014-03-11,36.4527
2014-03-10,36.403
2014-03-09,36.3828
2014-03-08,36.4068
2014-03-07,36.3767
2014-03-06,36.1225
2014-03-05,36.1162
2014-03-04,36.1611
2014-03-03,36.4321
2014-03-02,36.014
2014-03-01,36.0011
2014-02-28,36.0236
2014-02-27,36.0184
2014-02-26,35.957
2014-02-25,35.6857
2014-02-24,35.5142
2014-02-23,35.5043
2014-02-22,35.5533
2014-02-21,35.5819
2014-02-20,35.7305
2014-02-19,35.6626
2014-02-18,35.3975
2014-02-17,35.2175
2014-02-16,35.1004
2014-02-15,35.1198
2014-02-14,35.0899
2014-02-13,35.0718
2014-02-12,34.8143
2014-02-11,34.7657
2014-02-10,34.7786
2014-02-09,34.7592
2014-02-08,34.7311
2014-02-07,34.7499
2014-02-06,34.7479
2014-02-05,34.95
2014-02-04,35.0709
2014-02-03,35.3963
2014-02-02,35.1587
2014-02-01,35.153
2014-01-31,35.153
2014-01-30,34.8858
2014-01-29,35.018
2014-01-28,34.7173
2014-01-27,34.6439
2014-01-26,34.4998
2014-01-25,34.4979
2014-01-24,34.4357
2014-01-23,34.081
2014-01-22,33.9471
2014-01-21,33.9252
2014-01-20,33.7411
2014-01-19,33.6042
2014-01-18,33.566
2014-01-17,33.5561
2014-01-16,33.4304
2014-01-15,33.3907
2014-01-14,33.3069
2014-01-13,33.219
2014-01-12,32.9978
2014-01-11,33.0507
2014-01-10,33.0541
2014-01-09,33.2023
2014-01-08,33.1747
2014-01-07,33.1631
2014-01-06,33.1938
2014-01-05,33.1964
2014-01-04,33.1782
2014-01-03,33.1606
2014-01-02,33.0488
2014-01-01,32.8938
2013-12-31,32.8849
2013-12-30,32.7732
2013-12-29,32.6001
2013-12-28,32.5951
2013-12-27,32.6059
2013-12-26,32.6572
2013-12-25,32.667
2013-12-24,32.6453
2013-12-23,32.741
2013-12-22,32.9881
2013-12-21,32.9925
2013-12-20,32.9822
2013-12-19,32.9726
2013-12-18,32.8604
2013-12-17,32.9389
2013-12-16,32.9094
2013-12-15,32.8922
2013-12-14,32.8827
2013-12-13,32.8677
2013-12-12,32.8022
2013-12-11,32.7561
2013-12-10,32.7148
2013-12-09,32.7258
2013-12-08,32.7894
2013-12-07,32.7768
2013-12-06,32.8224
2013-12-05,33.0351
2013-12-04,33.1777
2013-12-03,33.2563
2013-12-02,33.2068
2013-12-01,33.144
2013-11-30,33.1458
2013-11-29,33.1472
2013-11-28,33.1488
2013-11-27,33.1491
2013-11-26,32.9496
2013-11-25,32.8855
2013-11-24,32.7633
2013-11-23,32.7834
2013-11-22,32.8047
2013-11-21,32.9926
2013-11-20,32.8772
2013-11-19,32.6709
2013-11-18,32.5624
2013-11-17,32.5921
2013-11-16,32.5839
2013-11-15,32.5956
2013-11-14,32.7576
2013-11-13,32.7647
2013-11-12,32.8579
2013-11-11,32.7971
2013-11-10,32.6529
2013-11-09,32.641
2013-11-08,32.6081
2013-11-07,32.4091
2013-11-06,32.3902
2013-11-05,32.5035
2013-11-04,32.3724
2013-11-03,32.4556
2013-11-02,32.3768
2013-11-01,32.3345
2013-10-31,32.0668
2013-10-30,32.0085
2013-10-29,32.0655
2013-10-28,31.9019
2013-10-27,31.8053
2013-10-26,31.7906
2013-10-25,31.788
2013-10-24,31.7021
2013-10-23,31.7784
2013-10-22,31.7236
2013-10-21,31.9623
2013-10-20,31.864
2013-10-19,31.8637
2013-10-18,31.8942
2013-10-17,31.9522
2013-10-16,32.2052
2013-10-15,32.2709
2013-10-14,32.294
2013-10-13,32.2724
2013-10-12,32.2786
2013-10-11,32.2792
2013-10-10,32.2328
2013-10-09,32.3441
2013-10-08,32.3258
2013-10-07,32.2277
2013-10-06,32.1643
2013-10-05,32.2063
2013-10-04,32.2318
2013-10-03,32.1322
2013-10-02,32.1559
2013-10-01,32.194
2013-09-30,32.2887
2013-09-29,32.2851
2013-09-28,32.2818
2013-09-27,32.256
2013-09-26,32.2449
2013-09-25,31.98
2013-09-24,31.8776
2013-09-23,31.841
2013-09-22,31.8194
2013-09-21,31.8136
2013-09-20,31.8055
2013-09-19,31.7643
2013-09-18,31.9978
2013-09-17,32.2595
2013-09-16,32.3426
2013-09-15,32.4329
2013-09-14,32.4797
2013-09-13,32.5236
2013-09-12,32.7097
2013-09-11,32.8273
2013-09-10,33.0106
2013-09-09,33.1936
2013-09-08,33.2859
2013-09-07,33.3056
2013-09-06,33.3062
2013-09-05,33.4499
2013-09-04,33.3478
2013-09-03,33.4459
2013-09-02,33.352
2013-09-01,33.2675
2013-08-31,33.2714
2013-08-30,33.2517
2013-08-29,33.2037
2013-08-28,33.1394
2013-08-27,33.074
2013-08-26,33.0426
2013-08-25,33.0389
2013-08-24,33.0368
2013-08-23,33.0737
2013-08-22,33.0546
2013-08-21,33.1434
2013-08-20,32.9484
2013-08-19,32.9384
2013-08-18,32.9247
2013-08-17,32.9199
2013-08-16,32.94
2013-08-15,32.9279
2013-08-14,33.0512
2013-08-13,33.0566
2013-08-12,32.9682
2013-08-11,32.856
2013-08-10,32.8864
2013-08-09,32.9102
2013-08-08,32.8906
2013-08-07,32.9684
2013-08-06,32.9603
2013-08-05,32.8614
2013-08-04,32.8533
2013-08-03,32.9073
2013-08-02,32.8779
2013-08-01,33.1025
2013-07-31,32.9898
2013-07-30,32.9686
2013-07-29,32.8328
2013-07-28,32.8164
2013-07-27,32.7695
2013-07-26,32.6923
2013-07-25,32.4517
2013-07-24,32.3719
2013-07-23,32.2554
2013-07-22,32.2949
2013-07-21,32.3527
2013-07-20,32.3671
2013-07-19,32.2861
2013-07-18,32.3897
2013-07-17,32.3176
2013-07-16,32.4495
2013-07-15,32.5902
2013-07-14,32.6215
2013-07-13,32.6355
2013-07-12,32.679
2013-07-11,32.6792
2013-07-10,32.5279
2013-07-09,33.0808
2013-07-08,33.1847
2013-07-07,33.3772
2013-07-06,33.3516
2013-07-05,33.3702
2013-07-04,33.4184
2013-07-03,33.1216
2013-07-02,33.1356
2013-07-01,32.9242
2013-06-30,32.8426
2013-06-29,32.8298
2013-06-28,32.8519
2013-06-27,32.8322
2013-06-26,32.9176
2013-06-25,32.816
2013-06-24,32.8178
2013-06-23,32.8463
2013-06-22,32.8437
2013-06-21,32.8585
2013-06-20,32.6664
2013-06-19,32.3618
2013-06-18,31.9735
2013-06-17,31.7205
2013-06-16,31.7402
2013-06-15,31.7567
2013-06-14,31.7797
2013-06-13,32.0878
2013-06-12,32.251
2013-06-11,32.3358
2013-06-10,32.2323
2013-06-09,32.2223
2013-06-08,32.1894
2013-06-07,32.2163
2013-06-06,32.036
2013-06-05,32.0709
2013-06-04,31.9128
2013-06-03,31.8514
2013-06-02,31.8969
2013-06-01,31.8895
2013-05-31,31.838
2013-05-30,31.6291
2013-05-29,31.5388
2013-05-28,31.4809
2013-05-27,31.3868
2013-05-26,31.341
2013-05-25,31.3413
2013-05-24,31.3317
2013-05-23,31.3598
2013-05-22,31.3831
2013-05-21,31.257
2013-05-20,31.2441
2013-05-19,31.4788
2013-05-18,31.4459
2013-05-17,31.4407
2013-05-16,31.4021
2013-05-15,31.5114
2013-05-14,31.398
2013-05-13,31.3902
2013-05-12,31.4112
2013-05-11,31.3649
2013-05-10,31.3458
2013-05-09,31.2229
2013-05-08,31.0672
2013-05-07,31.1024
2013-05-06,31.0899
2013-05-05,31.0634
2013-05-04,31.0593
2013-05-03,31.1045
2013-05-02,31.2301
2013-05-01,31.1893
2013-04-30,31.1021
2013-04-29,31.029
2013-04-28,31.2575
2013-04-27,31.2515
2013-04-26,31.2663
2013-04-25,31.2665
2013-04-24,31.5258
2013-04-23,31.641
2013-04-22,31.5889
2013-04-21,31.6758
2013-04-20,31.6717
2013-04-19,31.6964
2013-04-18,31.5324
2013-04-17,31.6308
2013-04-16,31.2677
2013-04-15,31.4136
2013-04-14,31.0895
2013-04-13,31.0295
2013-04-12,30.9949
2013-04-11,30.8712
2013-04-10,30.9558
2013-04-09,31.1363
2013-04-08,31.3818
2013-04-07,31.5664
2013-04-06,31.5603
2013-04-05,31.5687
2013-04-04,31.5922
2013-04-03,31.5317
2013-04-02,31.2871
2013-04-01,31.0751
2013-03-31,31.0626
2013-03-30,31.0817
2013-03-29,31.0765
2013-03-28,31.042
2013-03-27,31.0202
2013-03-26,30.88
2013-03-25,30.8877
2013-03-24,30.8021
2013-03-23,30.8586
2013-03-22,30.8578
2013-03-21,30.924
2013-03-20,30.8625
2013-03-19,30.9297
2013-03-18,30.7948
2013-03-17,30.709
2013-03-16,30.6215
2013-03-15,30.6838
2013-03-14,30.7321
2013-03-13,30.7789
2013-03-12,30.7071
2013-03-11,30.7644
2013-03-10,30.7942
2013-03-09,30.7726
2013-03-08,30.7604
2013-03-07,30.6879
2013-03-06,30.7442
2013-03-05,30.649
2013-03-04,30.6855
2013-03-03,30.7129
2013-03-02,30.6979
2013-03-01,30.6708
2013-02-28,30.5924
2013-02-27,30.5201
2013-02-26,30.5417
2013-02-25,30.4481
2013-02-24,30.4969
2013-02-23,30.4334
2013-02-22,30.4297
2013-02-21,30.3497
2013-02-20,30.2396
2013-02-19,30.09
2013-02-18,30.086
2013-02-17,30.1717
2013-02-16,30.1164
2013-02-15,30.1115
2013-02-14,30.1222
2013-02-13,30.1369
2013-02-12,30.0663
2013-02-11,30.1941
2013-02-10,30.1699
2013-02-09,30.1715
2013-02-08,30.1556
2013-02-07,30.1225
2013-02-06,30.0833
2013-02-05,29.9723
2013-02-04,29.9714
2013-02-03,29.8763
2013-02-02,29.9754
2013-02-01,30.0129
2013-01-31,29.996
2013-01-30,30.0418
2013-01-29,30.082
2013-01-28,30.1412
2013-01-27,30.0595
2013-01-26,30.0379
2013-01-25,30.0631
2013-01-24,30.1071
2013-01-23,30.2075
2013-01-22,30.2505
2013-01-21,30.2884
2013-01-20,30.2885
2013-01-19,30.2746
2013-01-18,30.3203
2013-01-17,30.3297
2013-01-16,30.34
2013-01-15,30.2354
2013-01-14,30.2352
2013-01-13,30.2989
2013-01-12,30.2735
2013-01-11,30.2931
2013-01-10,30.1865
2013-01-09,30.3766
2013-01-08,30.3303
2013-01-07,30.3743
2013-01-06,30.3974
2013-01-05,30.3931
2013-01-04,30.3643
2013-01-03,30.3537
2013-01-02,30.2702
2013-01-01,30.4996
2012-12-31,30.4906
2012-12-30,30.3941
2012-12-29,30.3831
2012-12-28,30.4128
2012-12-27,30.4399
2012-12-26,30.5874
2012-12-25,30.6529
2012-12-24,30.6939
2012-12-23,30.8335
2012-12-22,30.8093
2012-12-21,30.8267
2012-12-20,30.7051
2012-12-19,30.8069
2012-12-18,30.7624
2012-12-17,30.9019
2012-12-16,30.6922
2012-12-15,30.6919
2012-12-14,30.6707
2012-12-13,30.7127
2012-12-12,30.5994
2012-12-11,30.7031
2012-12-10,30.8343
2012-12-09,30.8765
2012-12-08,30.898
2012-12-07,30.8659
2012-12-06,30.9315
2012-12-05,30.8251
2012-12-04,30.8779
2012-12-03,30.8815
2012-12-02,30.874
2012-12-01,30.8988
2012-11-30,30.8999
2012-11-29,30.937
2012-11-28,31.0648
2012-11-27,31.0455
2012-11-26,30.9998
2012-11-25,31.0649
2012-11-24,31.0636
2012-11-23,31.0464
2012-11-22,31.1943
2012-11-21,31.1963
2012-11-20,31.3703
2012-11-19,31.5168
2012-11-18,31.6951
2012-11-17,31.7036
2012-11-16,31.7091
2012-11-15,31.6583
2012-11-14,31.7027
2012-11-13,31.7386
2012-11-12,31.6031
2012-11-11,31.561
2012-11-10,31.5633
2012-11-09,31.5919
2012-11-08,31.5048
2012-11-07,31.5319
2012-11-06,31.452
2012-11-05,31.5751
2012-11-04,31.4864
2012-11-03,31.4568
2012-11-02,31.4661
2012-11-01,31.327
2012-10-31,31.3521
2012-10-30,31.4224
2012-10-29,31.4959
2012-10-28,31.4355
2012-10-27,31.4122
2012-10-26,31.4136
2012-10-25,31.345
2012-10-24,31.351
2012-10-23,31.2949
2012-10-22,31.047
2012-10-21,30.9209
2012-10-20,30.885
2012-10-19,30.8695
2012-10-18,30.8084
2012-10-17,30.8095
2012-10-16,30.9128
2012-10-15,31.018
2012-10-14,31.0855
2012-10-13,31.0831
2012-10-12,31.0997
2012-10-11,31.0795
2012-10-10,31.1555
2012-10-09,31.4387
2012-10-08,31.2139
2012-10-07,30.9386
2012-10-06,30.9443
2012-10-05,30.9443
2012-10-04,30.9796
2012-10-03,31.0849
2012-10-02,31.0845
2012-10-01,31.1666
2012-09-30,31.2814
2012-09-29,31.2253
2012-09-28,31.2253
2012-09-27,30.9745
2012-09-26,31.3268
2012-09-25,31.253
2012-09-24,31.1922
2012-09-23,31.0831
2012-09-22,31.1041
2012-09-21,31.1041
2012-09-20,31.0954
2012-09-19,31.1531
2012-09-18,30.9154
2012-09-17,30.6222
2012-09-16,30.5691
2012-09-15,30.5842
2012-09-14,30.5842
2012-09-13,31.0477
2012-09-12,31.5214
2012-09-11,31.5052
2012-09-10,31.7298
2012-09-09,31.876
2012-09-08,31.88
2012-09-07,31.88
2012-09-06,31.9355
2012-09-05,32.2601
2012-09-04,32.3518
2012-09-03,32.3018
2012-09-02,32.3123
2012-09-01,32.3205
2012-08-31,32.3205
2012-08-30,32.4956
2012-08-29,32.1679
2012-08-28,31.961
2012-08-27,31.8715
2012-08-26,31.8206
2012-08-25,31.8327
2012-08-24,31.8327
2012-08-23,31.7132
2012-08-22,31.8058
2012-08-21,31.827
2012-08-20,32.1381
2012-08-19,32.0472
2012-08-18,32.0391
2012-08-17,32.0391
2012-08-16,31.8598
2012-08-15,31.9289
2012-08-14,31.8329
2012-08-13,31.9218
2012-08-12,31.937
2012-08-11,31.9024
2012-08-10,31.9024
2012-08-09,31.7562
2012-08-08,31.5893
2012-08-07,31.5061
2012-08-06,31.5251
2012-08-05,32.0414
2012-08-04,32.0353
2012-08-03,31.9086
2012-08-02,32.5806
2012-08-01,32.4281
2012-07-31,32.2758
2012-07-30,32.1064
2012-07-29,32.0948
2012-07-28,32.0643
2012-07-27,32.0643
2012-07-26,32.3075
2012-07-25,32.6641
2012-07-24,32.8982
2012-07-23,32.6085
2012-07-22,32.0328
2012-07-21,32.0102
2012-07-20,32.0102
2012-07-19,31.8231
2012-07-18,32.1975
2012-07-17,32.2953
2012-07-16,32.4782
2012-07-15,32.4951
2012-07-14,32.5222
2012-07-13,32.5222
2012-07-12,32.7996
2012-07-11,32.6769
2012-07-10,32.9066
2012-07-09,33.0168
2012-07-08,32.83
2012-07-07,32.8194
2012-07-06,32.8194
2012-07-05,32.5538
2012-07-04,32.3316
2012-07-03,32.2467
2012-07-02,32.5665
2012-07-01,32.4241
2012-06-30,32.3725
2012-06-29,32.3725
2012-06-28,33.073
2012-06-27,32.9942
2012-06-26,32.9497
2012-06-25,33.1972
2012-06-24,33.1393
2012-06-23,33.1372
2012-06-22,33.1372
2012-06-21,33.2088
2012-06-20,32.5167
2012-06-19,32.5036
2012-06-18,32.4375
2012-06-17,32.4315
2012-06-16,32.4315
2012-06-15,32.4315
2012-06-14,32.5973
2012-06-13,32.4695
2012-06-12,33.0271
2012-06-11,32.7116
2012-06-10,32.4791
2012-06-09,32.6051
2012-06-08,32.6051
2012-06-07,32.2307
2012-06-06,32.3183
2012-06-05,33.0471
2012-06-04,33.4967
2012-06-03,33.6575
2012-06-02,33.6422
2012-06-01,33.6422
2012-05-31,33.4259
2012-05-30,32.8792
2012-05-29,32.2978
2012-05-28,32.0291
2012-05-27,31.9042
2012-05-26,31.9653
2012-05-25,31.9653
2012-05-24,31.784
2012-05-23,31.758
2012-05-22,31.2794
2012-05-21,31.1041
2012-05-20,31.2483
2012-05-19,31.2107
2012-05-18,31.2107
2012-05-17,31.1464
2012-05-16,30.9518
2012-05-15,30.6867
2012-05-14,30.3271
2012-05-13,30.1283
2012-05-12,30.1133
2012-05-11,30.1133
2012-05-10,30.1974
2012-05-09,30.3185
2012-05-08,30.1693
2012-05-07,30.0335
2012-05-06,29.7793
2012-05-05,29.7388
2012-05-04,29.7388
2012-05-03,29.4704
2012-05-02,29.3568
2012-05-01,29.3921
2012-04-30,29.3884
2012-04-29,29.3007
2012-04-28,29.3061
2012-04-27,29.3061
2012-04-26,29.3951
2012-04-25,29.3137
2012-04-24,29.3711
2012-04-23,29.5762
2012-04-22,29.4223
2012-04-21,29.4333
2012-04-20,29.4333
2012-04-19,29.5025
2012-04-18,29.5391
2012-04-17,29.4977
2012-04-16,29.6172
2012-04-15,29.6449
2012-04-14,29.658
2012-04-13,29.658
2012-04-12,29.3977
2012-04-11,29.6589
2012-04-10,29.8683
2012-04-09,29.5566
2012-04-08,29.5066
2012-04-07,29.4787
2012-04-06,29.5954
2012-04-05,29.4441
2012-04-04,29.4929
2012-04-03,29.1864
2012-04-02,29.3292
2012-04-01,29.4063
2012-03-31,29.4063
2012-03-30,29.4063
2012-03-29,29.4695
2012-03-28,29.3393
2012-03-27,29.0904
2012-03-26,28.9231
2012-03-25,29.3079
2012-03-24,29.3208
2012-03-23,29.3208
2012-03-22,29.4687
2012-03-21,29.2093
2012-03-20,29.294
2012-03-19,29.1775
2012-03-18,29.1959
2012-03-17,29.1811
2012-03-16,29.1811
2012-03-15,29.4162
2012-03-14,29.4333
2012-03-13,29.528
2012-03-12,29.5552
2012-03-11,29.4362
2012-03-10,29.4249
2012-03-09,29.4249
2012-03-08,29.4394
2012-03-07,29.7233
2012-03-06,29.6667
2012-03-05,29.1996
2012-03-04,29.2599
2012-03-03,29.2544
2012-03-02,29.2544
2012-03-01,29.2195
2012-02-29,29.0856
2012-02-28,28.8444
2012-02-27,29.0373
2012-02-26,29.2531
2012-02-25,29.2715
2012-02-24,29.2715
2012-02-23,29.5608
2012-02-22,29.7123
2012-02-21,29.7252
2012-02-20,29.7608
2012-02-19,29.8768
2012-02-18,29.9523
2012-02-17,29.9523
2012-02-16,30.0907
2012-02-15,30.0386
2012-02-14,30.1141
2012-02-13,30.0628
2012-02-12,30.0416
2012-02-11,30.0912
2012-02-10,30.0812
2012-02-09,29.7636
2012-02-08,29.7056
2012-02-07,29.819
2012-02-06,30.1342
2012-02-05,30.1719
2012-02-04,30.1376
2012-02-03,30.1376
2012-02-02,30.197
2012-02-01,30.137
2012-01-31,30.3279
2012-01-30,30.1862
2012-01-29,30.1555
2012-01-28,30.9944
2012-01-27,30.9944
2012-01-26,31.0833
2012-01-25,31.131
2012-01-24,31.1947
2012-01-23,31.2989
2012-01-22,31.3692
2012-01-21,31.3027
2012-01-20,31.3027
2012-01-19,31.3528
2012-01-18,31.5006
2012-01-17,31.6439
2012-01-16,31.7154
2012-01-15,31.8349
2012-01-14,31.7995
2012-01-13,31.7995
2012-01-12,31.5769
2012-01-11,31.7173
2012-01-10,31.8514
2012-01-09,31.8844
2012-01-08,31.965
2012-01-07,31.9464
2012-01-06,31.9464
2012-01-05,32.028
2012-01-04,31.816
2012-01-03,31.6673
2012-01-02,32.0662
2012-01-01,32.1204
2011-12-31,32.0378
2011-12-30,32.0105
2011-12-29,32.1569
2011-12-28,31.8311
2011-12-27,31.3755
2011-12-26,31.0955
2011-12-25,31.1434
2011-12-24,31.1554
2011-12-23,31.1574
2011-12-22,31.3978
2011-12-21,31.69
2011-12-20,31.9742
2011-12-19,32.0399
2011-12-18,31.9997
2011-12-17,31.9462
2011-12-16,31.9462
2011-12-15,31.7231
2011-12-14,31.8176
2011-12-13,31.8455
2011-12-12,31.6378
2011-12-11,31.5566
2011-12-10,31.5183
2011-12-09,31.5183
2011-12-08,31.4642
2011-12-07,31.2129
2011-12-06,31.3356
2011-12-05,30.857
2011-12-04,30.9721
2011-12-03,30.9979
2011-12-02,30.9979
2011-12-01,30.8379
2011-11-30,30.7227
2011-11-29,31.2794
2011-11-28,31.4341
2011-11-27,31.4014
2011-11-26,31.4929
2011-11-25,31.4929
2011-11-24,31.5207
2011-11-23,31.4863
2011-11-22,31.0857
2011-11-21,31.1586
2011-11-20,30.8807
2011-11-19,30.8084
2011-11-18,30.9374
2011-11-17,30.8246
2011-11-16,30.7556
2011-11-15,30.6976
2011-11-14,30.5935
2011-11-13,30.4093
2011-11-12,30.4263
2011-11-11,30.4263
2011-11-10,30.4819
2011-11-09,30.6633
2011-11-08,30.2455
2011-11-07,30.508
2011-11-06,30.5902
2011-11-05,30.5864
2011-11-04,30.6048
2011-11-03,30.5333
2011-11-02,30.6635
2011-11-01,30.7144
2011-10-31,30.2032
2011-10-30,29.7378
2011-10-29,29.6936
2011-10-28,29.6936
2011-10-27,29.91
2011-10-26,30.6355
2011-10-25,30.6068
2011-10-24,30.5415
2011-10-23,31.181
2011-10-22,31.1575
2011-10-21,31.1575
2011-10-20,31.4184
2011-10-19,31.0537
2011-10-18,31.1112
2011-10-17,30.9797
2011-10-16,30.9094
2011-10-15,30.9173
2011-10-14,30.9173
2011-10-13,31.1837
2011-10-12,31.0018
2011-10-11,31.5851
2011-10-10,31.4864
2011-10-09,32.1253
2011-10-08,32.082
2011-10-07,32.082
2011-10-06,32.3854
2011-10-05,32.4389
2011-10-04,32.7539
2011-10-03,32.6914
2011-10-02,32.2038
2011-10-01,32.1976
2011-09-30,32.1976
2011-09-29,31.7562
2011-09-28,31.7107
2011-09-27,31.7233
2011-09-26,32.4456
2011-09-25,32.0163
2011-09-24,32.1408
2011-09-23,32.1408
2011-09-22,32.135
2011-09-21,31.4685
2011-09-20,31.3411
2011-09-19,31.3177
2011-09-18,30.711
2011-09-17,30.5729
2011-09-16,30.5729
2011-09-15,30.3959
2011-09-14,30.4387
2011-09-13,30.1887
2011-09-12,30.2191
2011-09-11,30.061
2011-09-10,30.0042
2011-09-09,30.0042
2011-09-08,29.4928
2011-09-07,29.4381
2011-09-06,29.6295
2011-09-05,29.4617
2011-09-04,29.292
2011-09-03,29.2089
2011-09-02,29.2089
2011-09-01,28.9677
2011-08-31,28.8559
2011-08-30,28.8544
2011-08-29,28.827
2011-08-28,28.8999
2011-08-27,28.8593
2011-08-26,28.8593
2011-08-25,29.106
2011-08-24,29.0188
2011-08-23,28.9821
2011-08-22,29.1332
2011-08-21,29.0325
2011-08-20,29.0554
2011-08-19,29.0554
2011-08-18,29.0786
2011-08-17,28.7672
2011-08-16,28.7077
2011-08-15,28.6033
2011-08-14,29.1009
2011-08-13,29.1224
2011-08-12,29.1224
2011-08-11,27.7769
2011-08-10,28.1513
2011-08-09,29.5895
2011-08-08,29.1432
2011-08-07,28.1873
2011-08-06,28.2364
2011-08-05,28.2364
2011-08-04,28.3009
2011-08-03,27.5763
2011-08-02,27.8754
2011-08-01,27.7191
2011-07-31,27.5843
2011-07-30,27.5575
2011-07-29,27.5575
2011-07-28,27.5982
2011-07-27,27.6193
2011-07-26,27.5598
2011-07-25,27.8223
2011-07-24,27.7319
2011-07-23,27.754
2011-07-22,27.754
2011-07-21,27.727
2011-07-20,28.0004
2011-07-19,28.0208
2011-07-18,28.1164
2011-07-17,28.1435
2011-07-16,28.0363
2011-07-15,28.1479
2011-07-14,28.1576
2011-07-13,27.9579
2011-07-12,28.3146
2011-07-11,28.2488
2011-07-10,28.0946
2011-07-09,28.0351
2011-07-08,27.9235
2011-07-07,27.8331
2011-07-06,27.9285
2011-07-05,27.9543
2011-07-04,27.726
2011-07-03,27.886
2011-07-02,27.8738
2011-07-01,27.8738
2011-06-30,27.9207
2011-06-29,27.9058
2011-06-28,28.0866
2011-06-27,28.22
2011-06-26,28.1897
2011-06-25,28.1915
2011-06-24,28.1915
2011-06-23,28.259
2011-06-22,28.031
2011-06-21,27.9389
2011-06-20,28.0673
2011-06-19,28.1176
2011-06-18,28.0881
2011-06-17,28.0881
2011-06-16,28.1545
2011-06-15,28.1005
2011-06-14,27.8054
2011-06-13,27.9712
2011-06-12,27.8854
2011-06-11,27.8819
2011-06-10,27.8819
2011-06-09,27.6801
2011-06-08,27.7498
2011-06-07,27.5693
2011-06-06,27.7703
2011-06-05,27.7287
2011-06-04,27.7743
2011-06-03,27.7743
2011-06-02,27.8404
2011-06-01,28.0203
2011-05-31,27.9888
2011-05-30,28.0876
2011-05-29,28.0502
2011-05-28,28.0502
2011-05-27,28.0502
2011-05-26,28.3032
2011-05-25,28.385
2011-05-24,28.3582
2011-05-23,28.4895
2011-05-22,28.0664
2011-05-21,28.0352
2011-05-20,28.0352
2011-05-19,27.9409
2011-05-18,27.972
2011-05-17,28.2021
2011-05-16,28.118
2011-05-15,28.0487
2011-05-14,28.014
2011-05-13,28.0091
2011-05-12,28.0948
2011-05-11,27.7029
2011-05-10,27.7639
2011-05-09,27.8423
2011-05-08,27.7387
2011-05-07,27.7116
2011-05-06,27.7116
2011-05-05,27.8464
2011-05-04,27.1889
2011-05-03,27.2957
2011-05-02,27.3008
2011-05-01,27.4836
2011-04-30,27.4506
2011-04-29,27.4506
2011-04-28,27.519
2011-04-27,27.6208
2011-04-26,27.8307
2011-04-25,27.8729
2011-04-24,27.9987
2011-04-23,28.0293
2011-04-22,28.0293
2011-04-21,27.933
2011-04-20,28.1155
2011-04-19,28.2307
2011-04-18,28.4785
2011-04-17,28.1851
2011-04-16,28.161
2011-04-15,28.161
2011-04-14,28.2848
2011-04-13,28.2581
2011-04-12,28.1953
2011-04-11,28.0483
2011-04-10,27.9689
2011-04-09,27.9501
2011-04-08,27.9452
2011-04-07,28.3128
2011-04-06,28.144
2011-04-05,28.2546
2011-04-04,28.3576
2011-04-03,28.3126
2011-04-02,28.3249
2011-04-01,28.3274
2011-03-31,28.467
2011-03-30,28.5585
2011-03-29,28.3458
2011-03-28,28.2963
2011-03-27,28.3487
2011-03-26,28.2798
2011-03-25,28.393
2011-03-24,28.3267
2011-03-23,28.2457
2011-03-22,28.212
2011-03-21,28.2482
2011-03-20,28.4468
2011-03-19,28.4275
2011-03-18,28.43
2011-03-17,28.5343
2011-03-16,28.6576
2011-03-15,28.8545
2011-03-14,28.4805
2011-03-13,28.5563
2011-03-12,28.5404
2011-03-11,28.654
2011-03-10,28.6288
2011-03-09,28.4285
2011-03-08,28.2053
2011-03-07,28.1961
2011-03-06,28.2628
2011-03-05,28.2559
2011-03-04,28.2559
2011-03-03,28.2006
2011-03-02,28.3908
2011-03-01,28.7394
2011-02-28,28.8452
2011-02-27,29.0056
2011-02-26,28.9671
2011-02-25,28.9671
2011-02-24,28.9742
2011-02-23,29.1785
2011-02-22,29.2568
2011-02-21,29.1268
2011-02-20,29.2178
2011-02-19,29.2106
2011-02-18,29.2106
2011-02-17,29.2728
2011-02-16,29.2557
2011-02-15,29.2721
2011-02-14,29.3193
2011-02-13,29.3161
2011-02-12,29.3033
2011-02-11,29.3033
2011-02-10,29.2907
2011-02-09,29.2599
2011-02-08,29.2413
2011-02-07,29.3098
2011-02-06,29.467
2011-02-05,29.4451
2011-02-04,29.4575
2011-02-03,29.4764
2011-02-02,29.4177
2011-02-01,29.5188
2011-01-31,29.78
2011-01-30,29.8233
2011-01-29,29.7538
2011-01-28,29.8594
2011-01-27,29.618
2011-01-26,29.7628
2011-01-25,29.7175
2011-01-24,29.7991
2011-01-23,29.9672
2011-01-22,29.9464
2011-01-21,29.9643
2011-01-20,30.0546
2011-01-19,29.8553
2011-01-18,29.8891
2011-01-17,29.9845
2011-01-16,30.0946
2011-01-15,30.1174
2011-01-14,30.12
2011-01-13,29.9476
2011-01-12,30.2306
2011-01-11,30.587
2011-01-10,30.7392
2011-01-09,30.7558
2011-01-08,30.7459
2011-01-07,30.7459
2011-01-06,30.7806
2011-01-05,30.6167
2011-01-04,30.5334
2011-01-03,30.6768
2011-01-02,30.4985
2011-01-01,30.4985
2010-12-31,30.488
2010-12-30,30.5694
2010-12-29,30.5027
2010-12-28,30.4189
2010-12-27,30.338
2010-12-26,30.6757
2010-12-25,30.6113
2010-12-24,30.6009
2010-12-23,30.4824
2010-12-22,30.6257
2010-12-21,30.7875
2010-12-20,30.8586
2010-12-19,30.8914
2010-12-18,30.8496
2010-12-17,30.7381
2010-12-16,30.7375
2010-12-15,30.7178
2010-12-14,30.7247
2010-12-13,30.8372
2010-12-12,30.8739
2010-12-11,30.875
2010-12-10,30.9314
2010-12-09,31.0097
2010-12-08,31.0986
2010-12-07,31.1446
2010-12-06,31.2721
2010-12-05,31.2282
2010-12-04,31.2745
2010-12-03,31.2406
2010-12-02,31.327
2010-12-01,31.4529
2010-11-30,31.4479
2010-11-29,31.3775
2010-11-28,31.3311
2010-11-27,31.3388
2010-11-26,31.3111
2010-11-25,31.243
2010-11-24,31.3301
2010-11-23,31.2662
2010-11-22,31.0812
2010-11-21,31.1201
2010-11-20,31.124
2010-11-19,31.0862
2010-11-18,31.1752
2010-11-17,31.3117
2010-11-16,31.0969
2010-11-15,30.911
2010-11-14,30.8019
2010-11-13,30.7981
2010-11-12,30.7416
2010-11-11,30.6414
2010-11-10,30.6993
2010-11-09,30.7594
2010-11-08,30.7825
2010-11-07,30.7072
2010-11-06,30.708
2010-11-05,30.7674
2010-11-04,30.7675
2010-11-03,30.7801
2010-11-02,30.76
2010-11-01,30.8285
2010-10-31,30.5281
2010-10-30,30.528
2010-10-29,30.7163
2010-10-28,30.6599
2010-10-27,30.5926
2010-10-26,30.3602
2010-10-25,30.3121
2010-10-24,30.3789
2010-10-23,30.379
2010-10-22,30.5092
2010-10-21,30.6895
2010-10-20,30.7307
2010-10-19,30.5386
2010-10-18,30.4132
2010-10-17,30.3224
2010-10-16,30.0862
2010-10-15,29.8207
2010-10-14,29.8397
2010-10-13,30.1028
2010-10-12,30.0505
2010-10-11,29.9369
2010-10-10,29.9022
2010-10-09,29.9025
2010-10-08,29.8834
2010-10-07,29.7889
2010-10-06,29.8988
2010-10-05,30.3044
2010-10-04,30.4426
2010-10-03,30.4347
2010-10-02,30.4347
2010-10-01,30.5429
2010-09-30,30.5621
2010-09-29,30.4584
2010-09-28,30.5681
2010-09-27,30.6444
2010-09-26,30.7507
2010-09-25,30.7412
2010-09-24,30.8933
2010-09-23,31.0225
2010-09-22,31.0614
2010-09-21,31.0652
2010-09-20,31.07
2010-09-19,31.0265
2010-09-18,31.0309
2010-09-17,31.133
2010-09-16,31.1389
2010-09-15,30.8182
2010-09-14,30.6878
2010-09-13,30.6888
2010-09-12,30.813
2010-09-11,30.8845
2010-09-10,30.9095
2010-09-09,30.841
2010-09-08,30.8398
2010-09-07,30.7781
2010-09-06,30.6185
2010-09-05,30.6172
2010-09-04,30.6159
2010-09-03,30.6411
2010-09-02,30.7411
2010-09-01,30.7487
2010-08-31,30.7857
2010-08-30,30.6898
2010-08-29,30.6306
2010-08-28,30.6384
2010-08-27,30.7095
2010-08-26,30.821
2010-08-25,30.8996
2010-08-24,30.8
2010-08-23,30.6244
2010-08-22,30.6239
2010-08-21,30.6238
2010-08-20,30.5726
2010-08-19,30.5061
2010-08-18,30.4394
2010-08-17,30.4465
2010-08-16,30.5029
2010-08-15,30.5295
2010-08-14,30.519
2010-08-13,30.5297
2010-08-12,30.5089
2010-08-11,30.3101
2010-08-10,30.0477
2010-08-09,29.8577
2010-08-08,29.7117
2010-08-07,29.7137
2010-08-06,29.8071
2010-08-05,29.8472
2010-08-04,29.8105
2010-08-03,29.8811
2010-08-02,30.1324
2010-08-01,30.2824
2010-07-31,30.2834
2010-07-30,30.2549
2010-07-29,30.2131
2010-07-28,30.2378
2010-07-27,30.2546
2010-07-26,30.282
2010-07-25,30.3866
2010-07-24,30.3887
2010-07-23,30.3298
2010-07-22,30.3634
2010-07-21,30.5085
2010-07-20,30.5059
2010-07-19,30.4977
2010-07-18,30.4458
2010-07-17,30.447
2010-07-16,30.4065
2010-07-15,30.4604
2010-07-14,30.5256
2010-07-13,30.7114
2010-07-12,30.8898
2010-07-11,30.9272
2010-07-10,30.919
2010-07-09,30.8854
2010-07-08,30.9982
2010-07-07,31.0197
2010-07-06,31.1015
2010-07-05,31.1467
2010-07-04,31.103
2010-07-03,31.0911
2010-07-02,31.0705
2010-07-01,31.1865
2010-06-30,31.2539
2010-06-29,31.1795
2010-06-28,31.0298
2010-06-27,30.9321
2010-06-26,30.9517
2010-06-25,31.0752
2010-06-24,31.1126
2010-06-23,30.9088
2010-06-22,30.8364
2010-06-21,30.8801
2010-06-20,31.0416
2010-06-19,31.0416
2010-06-18,30.9619
2010-06-17,31.0442
2010-06-16,31.2739
2010-06-15,31.4581
2010-06-14,31.6316
2010-06-13,31.6623
2010-06-12,31.6623
2010-06-11,31.5635
2010-06-10,31.5798
2010-06-09,31.7635
2010-06-08,31.839
2010-06-07,31.6935
2010-06-06,31.5026
2010-06-05,31.562
2010-06-04,31.2467
2010-06-03,31.1701
2010-06-02,31.0985
2010-06-01,30.9383
2010-05-31,30.6174
2010-05-30,30.613
2010-05-29,30.6824
2010-05-28,30.697
2010-05-27,30.9034
2010-05-26,31.4998
2010-05-25,31.4378
2010-05-24,31.1419
2010-05-23,31.055
2010-05-22,31.0724
2010-05-21,31.2367
2010-05-20,31.0035
2010-05-19,30.5829
2010-05-18,30.4063
2010-05-17,30.4109
2010-05-16,30.3078
2010-05-15,30.3035
2010-05-14,30.1269
2010-05-13,29.9765
2010-05-12,30.0947
2010-05-11,30.276
2010-05-10,30.4404
2010-05-09,30.5901
2010-05-08,30.694
2010-05-07,30.6034
2010-05-06,30.2084
2010-05-05,29.7565
2010-05-04,29.3869
2010-05-03,29.259
2010-05-02,29.2691
2010-05-01,29.2672
2010-04-30,29.2038
2010-04-29,29.3199
2010-04-28,29.3517
2010-04-27,29.1563
2010-04-26,29.1214
2010-04-25,29.2003
2010-04-24,29.2036
2010-04-23,29.1728
2010-04-22,29.1658
2010-04-21,29.1165
2010-04-20,29.1424
2010-04-19,29.1612
2010-04-18,29.0474
2010-04-17,29.0462
2010-04-16,29.0164
2010-04-15,28.9429
2010-04-14,29.0108
2010-04-13,29.0565
2010-04-12,29.0303
2010-04-11,29.1701
2010-04-10,29.1769
2010-04-09,29.2979
2010-04-08,29.3904
2010-04-07,29.3196
2010-04-06,29.2438
2010-04-05,29.2127
2010-04-04,29.2688
2010-04-03,29.2703
2010-04-02,29.2738
2010-04-01,29.3683
2010-03-31,29.4633
2010-03-30,29.4681
2010-03-29,29.5588
2010-03-28,29.5908
2010-03-27,29.5906
2010-03-26,29.5604
2010-03-25,29.5941
2010-03-24,29.5802
2010-03-23,29.4925
2010-03-22,29.4397
2010-03-21,29.3193
2010-03-20,29.3135
2010-03-19,29.3095
2010-03-18,29.2366
2010-03-17,29.2091
2010-03-16,29.348
2010-03-15,29.363
2010-03-14,29.2906
2010-03-13,29.2905
2010-03-12,29.3673
2010-03-11,29.5343
2010-03-10,29.6541
2010-03-09,29.7635
2010-03-08,29.7741
2010-03-07,29.7734
2010-03-06,29.7718
2010-03-05,29.787
2010-03-04,29.7856
2010-03-03,29.809
2010-03-02,29.9275
2010-03-01,29.955
2010-02-28,29.8775
2010-02-27,29.8874
2010-02-26,30.0095
2010-02-25,30.1032
2010-02-24,29.9803
2010-02-23,29.9713
2010-02-22,29.9873
2010-02-21,30.0319
2010-02-20,30.0319
2010-02-19,30.0749
2010-02-18,30.098
2010-02-17,30.0455
2010-02-16,30.1301
2010-02-15,30.2489
2010-02-14,30.2972
2010-02-13,30.2876
2010-02-12,30.234
2010-02-11,30.1923
2010-02-10,30.265
2010-02-09,30.4214
2010-02-08,30.4902
2010-02-07,30.3655
2010-02-06,30.3662
2010-02-05,30.4156
2010-02-04,30.1112
2010-02-03,30.0242
2010-02-02,30.22
2010-02-01,30.336
2010-01-31,30.3652
2010-01-30,30.3689
2010-01-29,30.3633
2010-01-28,30.3423
2010-01-27,30.3061
2010-01-26,30.2769
2010-01-25,30.0226
2010-01-24,29.8617
2010-01-23,29.8783
2010-01-22,29.8148
2010-01-21,29.7597
2010-01-20,29.7043
2010-01-19,29.6185
2010-01-18,29.5945
2010-01-17,29.5712
2010-01-16,29.5567
2010-01-15,29.528
2010-01-14,29.4676
2010-01-13,29.4681
2010-01-12,29.3676
2010-01-11,29.4885
2010-01-10,29.8551
2010-01-09,29.8663
2010-01-08,29.8605
2010-01-07,29.8647
2010-01-06,29.9024
2010-01-05,30.0318
2010-01-04,30.3146
2010-01-03,30.321
2010-01-02,30.3154
2010-01-01,30.3097
